"mass","coupling"
0.019090909468916537,6.679580103043022e-11
0.019090909468916537,7.125950605818508e-11
0.019090909468916537,8.110172625020581e-11
0.019090909468916537,9.230333417400683e-11
0.019090909468916537,1.0505208573925709e-10
0.019090909468916537,1.1956166932565703e-10
0.019090909468916537,1.360752875237377e-10
0.019090909468916537,1.5486973357852234e-10
0.019090909468916537,1.76260030863418e-10
0.019090909468916537,2.0060471314894538e-10
0.019090909468916537,2.2831183417160495e-10
0.019090909468916537,2.5984580723235354e-10
0.019090909468916537,2.957351894667177e-10
0.019090909468916537,3.3658154126269785e-10
0.019090909468916537,3.8306950932372085e-10
0.019090909468916537,4.3597830238404454e-10
0.019090909468916537,4.961947519269794e-10
0.019090909468916537,5.647281768233408e-10
0.019090909468916537,6.427273010439795e-10
0.019090909468916537,7.31499508012869e-10
0.019090909468916537,8.325327543328597e-10
0.019090909468916537,9.475205101913263e-10
0.019090909468916537,1.078390144484668e-9
0.019090909468916537,1.2273352304393302e-9
0.019090909468916537,1.3968523132204686e-9
0.019090909468916537,1.58978275580905e-9
0.019090909468916537,1.809360364547652e-9
0.019090909468916537,2.0592655926312165e-9
0.019090909468916537,2.343687230075341e-9
0.019090909468916537,2.6673926141793764e-9
0.019090909468916537,3.0358075373180094e-9
0.019090909468916537,3.4551071914369006e-9
0.019090909468916537,3.932319673619834e-9
0.019090909468916537,4.475443787637405e-9
0.019090909468916537,5.093583116009567e-9
0.019090909468916537,5.797098609832821e-9
0.019090909468916537,6.597782254008576e-9
0.019090909468916537,7.509054718764882e-9
0.019090909468916537,8.546190310410303e-9
0.019090909468916537,9.726572991835171e-9
0.019090909468916537,1.106998776405146e-8
0.019090909468916537,1.259895229276718e-8
0.019090909468916537,1.4339094338558608e-8
0.019090909468916537,1.6319581316941738e-8
0.019090909468916537,1.857360918842003e-8
0.019090909468916537,2.1138958873045982e-8
0.019090909468916537,2.4058629515847017e-8
0.019090909468916537,2.738155921760311e-8
0.019090909468916537,3.116344531151528e-8
0.019090909468916537,3.54676779348439e-8
0.019090909468916537,4.0366402543591124e-8
0.019090909468916537,4.594172917958214e-8
0.019090909468916537,5.22871087590928e-8
0.019090909468916537,5.950889945170464e-8
0.019090909468916537,6.772814940426889e-8
0.019090909468916537,7.708262569113213e-8
0.019090909468916537,8.77291234989019e-8
0.019090909468916537,9.984609425118484e-8
0.019090909468916537,1.1363663672464791e-7
0.019090909468916537,1.2933190129203636e-7
0.019090909468916537,1.4719496435241636e-7
0.019090909468916537,1.6752523788995928e-7
0.019090909468916537,1.9066348807214975e-7
0.019090909468916537,2.1699754700672242e-7
0.019090909468916537,2.4696881339502173e-7
0.019090909468916537,2.810796510425785e-7
0.019090909468916537,3.1990180923714265e-7
0.019090909468916537,3.6408600613245726e-7
0.019090909468916537,4.143728357697979e-7
0.019090909468916537,4.716051815554711e-7
0.019090909468916537,5.367423442629529e-7
0.019090909468916537,6.108761213663726e-7
0.019090909468916537,6.952491072193207e-7
0.019090909468916537,7.912755208176827e-7
0.019090909468916537,9.005649102513447e-7
0.019090909468916537,1.0249491311672695e-6
0.019090909468916537,1.1665130514438361e-6
0.019090909468916537,1.3276294967332754e-6
0.019090909468916537,1.5109990226124047e-6
0.019090909468916537,1.71969517998313e-6
0.019090909468916537,1.9572160324393655e-6
0.019090909468916537,2.2275427891094455e-6
0.019090909468916537,2.535206535749246e-6
0.019090909468916537,2.885364182600177e-6
0.019090909468916537,3.2838849020131405e-6
0.019090909468916537,3.737448504663916e-6
0.019090909468916537,4.253657403294291e-6
0.019090909468916537,4.841164040660773e-6
0.019090909468916537,5.509815917576251e-6
0.019090909468916537,6.270820651934165e-6
0.019090909468916537,7.136933835354369e-6
0.019090909468916537,8.122672836212504e-6
0.019090909468916537,9.24456013271538e-6
0.019090909468916537,0.000010521400254653168
0.019090909468916537,0.000011974594975791475
0.019090909468916537,0.000013628502040005057
0.019090909468916537,0.000015510843433946338
0.019090909468916537,0.00001765317004951682
0.019090909468916537,0.00002009139052458802
0.019090909468916537,0.00002286637312614308
0.019090909468916537,0.00002602463076431192
0.019090909468916537,0.00002961910061917235
0.019090909468916537,0.00003371003144804275
0.019090909468916537,0.00003836599344588017
0.019090909468916537,0.00004366502758557299
0.019090909468916537,0.00004969595370281202
0.019090909468916537,0.00005655985925102279
0.019090909468916537,0.0000643717936801461
0.019090909468916537,0.00007326269683962068
0.019090909468916537,0.00008338159372852174
0.019090909468916537,0.00009489809238019109
0.019090909468916537,0.00010800522674968714
0.019090909468916537,0.00012292269225515327
0.019090909468916537,0.00013990052820567672
0.019090909468916537,0.0001592233088387049
0.019090909468916537,0.00018121491321515182
0.019090909468916537,0.000206243953922859
0.019090909468916537,0.000234729955581701
0.019090909468916537,0.0002671503867114358
0.019090909468916537,0.00030404866282705275
0.019090909468916537,0.00034604325490561434
0.019090909468916537,0.00039383805589628655
0.019090909468916537,0.0004482341790319635
0.019090909468916537,0.000510143385700053
0.019090909468916537,0.0005806033679438686
0.019090909468916537,0.0006607951417524931
0.019090909468916537,0.0007520628426769853
0.019090909468916537,0.000855936255577433
0.019090909468916537,0.0009741564561335248
0.019090909468916537,0.0011087049939091846
0.019090909468916537,0.0012618371061236169
0.019090909468916537,0.0014361195188418584
0.019090909468916537,0.001634473469190026
0.019090909468916537,0.001860223669712728
0.019090909468916537,0.0021171540355894108
0.019090909468916537,0.0024095711087821665
0.019090909468916537,0.0027423762421997476
0.019090909468916537,0.003121147753793681
0.019090909468916537,0.003552234427613522
0.019090909468916537,0.004042861929040506
0.019090909468916537,0.004601253917880053
0.019090909468916537,0.005236769889351918
0.019090909468916537,0.005960062053401721
0.019090909468916537,0.006783253881868627
0.019090909468916537,0.0077201433162300765
0.019090909468916537,0.008786434041993037
0.019090909468916537,0.009999998706239901
0.019472684081882772,0.009999998706239901
0.019862093315679553,0.009999998706239901
0.020259289845296912,0.009999998706239901
0.020664429398876177,0.009999998706239901
0.021077670818766044,0.009999998706239901
0.02149917612379962,0.009999998706239901
0.021929110572816858,0.009999998706239901
0.022367642729457272,0.009999998706239901
0.02281494452824843,0.009999998706239901
0.023271191342015995,0.009999998706239901
0.02373656205064183,0.009999998706239901
0.024211239111197137,0.009999998706239901
0.02469540862947807,0.009999998706239901
0.025189260432971906,0.009999998706239901
0.025692988145282373,0.009999998706239901
0.02620678926204331,0.009999998706239901
0.026730865228350432,0.009999998706239901
0.027265421517741563,0.009999998706239901
0.02781066771275627,0.009999998706239901
0.028366817587106533,0.009999998706239901
0.028934089189490596,0.009999998706239901
0.02951270492908297,0.009999998706239901
0.030102891662734003,0.009999998706239901
0.0307048807839132,0.009999998706239901
0.031318908313431315,0.009999998706239901
0.03194521499197656,0.009999998706239901
0.032584046374501435,0.009999998706239901
0.033235652926496946,0.009999998706239901
0.033900290122192235,0.009999998706239901
0.03457821854471791,0.009999998706239901
0.03526970398827236,0.009999998706239901
0.035975017562331256,0.009999998706239901
0.03669443579794096,0.009999998706239901
0.03742824075613755,0.009999998706239901
0.03817672013853401,0.009999998706239901
0.03894016740011889,0.009999998706239901
0.03971888186431065,0.009999998706239901
0.04051316884031292,0.009999998706239901
0.041323339742816496,0.009999998706239901
0.042149712214095164,0.009999998706239901
0.04299261024854316,0.009999998706239901
0.04385236431970304,0.009999998706239901
0.0447293115098339,0.009999998706239901
0.045623795642070586,0.009999998706239901
0.04653616741522586,0.009999998706239901
0.04746678454128821,0.009999998706239901
0.04841601188566943,0.009999998706239901
0.04938422161025669,0.009999998706239901
0.05037179331932543,0.009999998706239901
0.051379114208370116,0.009999998706239901
0.052406579215911304,0.009999998706239901
0.053454591178338486,0.009999998706239901
0.05452356098784943,0.009999998706239901
0.05561390775354799,0.009999998706239901
0.05672605896576342,0.009999998706239901
0.05786045066365582,0.009999998706239901
0.05901752760617314,0.009999998706239901
0.060197743446427164,0.009999998706239901
0.06140156090955637,0.009999998706239901
0.06262945197414581,0.009999998706239901
0.06388189805727491,0.009999998706239901
0.06515939020326583,0.009999998706239901
0.06646242927620633,0.009999998706239901
0.0677915261563226,0.009999998706239901
0.06914720194027933,0.009999998706239901
0.070529988145485,0.009999998706239901
0.07194042691848306,0.009999998706239901
0.07337907124751032,0.009999998706239901
0.07484648517930609,0.009999998706239901
0.07634324404025701,0.009999998706239901
0.07786993466196421,0.009999998706239901
0.07942715561132134,0.009999998706239901
0.08101551742519368,0.009999998706239901
0.08263564284979022,0.009999998706239901
0.08428816708482266,0.009999998706239901
0.08597373803254701,0.009999998706239901
0.08769301655178556,0.009999998706239901
0.08944667671702856,0.009999998706239901
0.0912354060827175,0.009999998706239901
0.09305990595281322,0.009999998706239901
0.09492089165575501,0.009999998706239901
0.09681909282491821,0.009999998706239901
0.09875525368468019,0.009999998706239901
0.10073013334220712,0.009999998706239901
0.10274450608507579,0.009999998706239901
0.10479916168484714,0.009999998706239901
0.10689490570671063,0.009999998706239901
0.10903255982532073,0.009999998706239901
0.11121296214694948,0.009999998706239901
0.11343696753808134,0.009999998706239901
0.11570544796057915,0.009999998706239901
0.11801929281355264,0.009999998706239901
0.12037940928206367,0.009999998706239901
0.12278672269280465,0.009999998706239901
0.1252421768768896,0.009999998706239901
0.1277467345399006,0.009999998706239901
0.13030137763933378,0.009999998706239901
0.1329071077695939,0.009999998706239901
0.13556494655468762,0.009999998706239901
0.1382759360487697,0.009999998706239901
0.1410411391446995,0.009999998706239901
0.14386163999076743,0.009999998706239901
0.146738544415755,0.009999998706239901
0.14967298036249535,0.009999998706239901
0.15266609833010353,0.009999998706239901
0.15571907182505088,0.009999998706239901
0.15883309782125946,0.009999998706239901
0.1620093972293977,0.009999998706239901
0.16524921537556048,0.009999998706239901
0.16855382248952214,0.009999998706239901
0.17192451420275298,0.009999998706239901
0.17536261205639547,0.009999998706239901
0.1788694640193983,0.009999998706239901
0.18244644501701232,0.009999998706239901
0.18609495746985513,0.009999998706239901
0.18981643184375538,0.009999998706239901
0.1936123272105933,0.009999998706239901
0.19748413182035618,0.009999998706239901
0.2014333636846341,0.009999998706239901
0.20546157117178393,0.009999998706239901
0.20957033361399538,0.009999998706239901
0.21376126192649703,0.009999998706239901
0.2180359992391451,0.009999998706239901
0.22239622154064217,0.009999998706239901
0.2268436383356395,0.009999998706239901
0.23137999331497913,0.009999998706239901
0.23600706503934007,0.009999998706239901
0.24072666763655493,0.009999998706239901
0.24554065151287224,0.009999998706239901
0.2504509040784419,0.009999998706239901
0.25545935048730845,0.009999998706239901
0.26056795439220315,0.009999998706239901
0.26577871871442976,0.009999998706239901
0.27109368642914616,0.009999998706239901
0.27651494136635013,0.009999998706239901
0.2820446090278831,0.009999998706239901
0.2876848574207715,0.009999998706239901
0.2934378979072337,0.009999998706239901
0.29930598607168496,0.009999998706239901
0.3052914226050803,0.009999998706239901
0.3113965542069421,0.009999998706239901
0.31762377450542706,0.009999998706239901
0.3239755249957911,0.009999998706239901
0.3304542959976222,0.009999998706239901
0.33706262763121636,0.009999998706239901
0.3438031108134769,0.009999998706239901
0.3506783882737315,0.009999998706239901
0.35769115558986225,0.009999998706239901
0.3648441622451557,0.009999998706239901
0.3721402127062886,0.009999998706239901
0.37958216752286966,0.009999998706239901
0.3871729444489703,0.009999998706239901
0.3949155195870836,0.009999998706239901
0.40281292855495904,0.009999998706239901
0.41086826767577217,0.009999998706239901
0.4190846951920946,0.009999998706239901
0.4274654325041403,0.009999998706239901
0.4360137654327745,0.009999998706239901
0.44473304550777953,0.009999998706239901
0.4536266912818833,0.009999998706239901
0.46269818967106535,0.009999998706239901
0.4719510973216653,0.009999998706239901
0.48138904200483157,0.009999998706239901
0.4910157240388548,0.009999998706239901
0.5008349177399452,0.009999998706239901
0.5108504729020217,0.009999998706239901
0.5210663163060949,0.009999998706239901
0.5314864532598318,0.009999998706239901
0.5421149691679106,0.009999998706239901
0.5529560311337777,0.009999998706239901
0.5640138895934368,0.009999998706239901
0.5752928799819097,0.009999998706239901
0.5867974244330227,0.009999998706239901
0.5985320335131851,0.009999998706239901
0.6105013079898378,0.009999998706239901
0.6227099406352699,0.009999998706239901
0.635162718066504,0.009999998706239901
0.6478645226219779,0.009999998706239901
0.6608203342757535,0.009999998706239901
0.6740352325900066,0.009999998706239901
0.6875143987065627,0.009999998706239901
0.7012631173782566,0.009999998706239901
0.715286779040918,0.009999998706239901
0.729590881926788,0.009999998706239901
0.7441810342202032,0.009999998706239901
0.7590629562563856,0.009999998706239901
0.7742424827642045,0.009999998706239901
0.7897255651537884,0.009999998706239901
0.7956419856650816,0.009999998706239901
0.7970201161941227,0.009953989405708808
0.7975828320982115,0.009935142902065638
0.7989025306422886,0.009892556162202401
0.8026807077858021,0.009772059342470742
0.805518273849884,0.009684486086869545
0.8055805792888698,0.009681733435613175
0.8084283967230015,0.009597091341986698
0.8119375652992586,0.009494577509133219
0.8135326681984028,0.009449102693931398
0.8142605397084944,0.00942853146110008
0.8162112918001964,0.009373597444545637
0.8201426860188018,0.009263517281045195
0.8216268006718764,0.009222644150274517
0.8248981230498956,0.009133356950690804
0.8257040163179363,0.00911145833358428
0.8260733143695193,0.00910182233378635
0.8298014646139181,0.009004741056436907
0.832091073532471,0.008946057502507068
0.8377577233852558,0.008806995118744746
0.8380574612614055,0.00880004343291223
0.8381952146178646,0.008795875055556481
0.8386086105590717,0.008786434041993037
0.8422162119138403,0.008701507345596498
0.8443563800712204,0.008649033329701124
0.8463955998230133,0.00860027068117548
0.8503654951121038,0.008506792324992046
0.8505381634838085,0.008503031425928528
0.8507088107166829,0.008499406419397337
0.8548166975585276,0.008406626074258343
0.862720824401354,0.008236050633816487
0.8631796971050817,0.008227210505318524
0.86332157985895,0.008224872059981235
0.8635970659012241,0.008218899052268943
0.8695791566151737,0.008093184803531616
0.8719110803273967,0.008043998122159928
0.875992182989051,0.007959330974951597
0.876742030740441,0.007944010158448797
0.8805860408608048,0.007867350293922314
0.882497297062968,0.007830287468467268
0.8881787044277574,0.0077201433162300765
0.8890636114041492,0.007704066112053683
0.8893473117324506,0.0076988360741505855
0.8899235878854759,0.007687536737150898
0.8956831128935433,0.007580118818930866
0.8981957516752883,0.0075317899417500275
0.9022908332156594,0.007454868363156635
0.9033841122972364,0.007434997758643393
0.9071322279661187,0.007367088365112379
0.9143878166455113,0.00723655250229001
0.9157059924330424,0.00721327553959659
0.9161576165105949,0.007205760799366576
0.9170703993349106,0.00718961925301943
0.9225127103054925,0.007096663948541362
0.925272801929074,0.0070493018782185335
0.9293295916003858,0.006979953031651166
0.9309572833832126,0.006952668418349169
0.9344786776433233,0.006893409020940515
0.936187794788552,0.006864727857553368
0.9412247192111606,0.006783253881868627
0.9431399212092788,0.006753430996474559
0.9437761459640874,0.006743519200457818
0.9450498833195983,0.006723739228757746
0.9501896059004264,0.006646037457682929
0.9531661181795298,0.006601891324604732
0.9572387686309284,0.006537976423549719
0.9592584288268384,0.006506662416226186
0.9626495146445506,0.00645487329921776
0.9692287110445011,0.006358349947896477
0.9714779318847259,0.006326397405039878
0.9722272648709961,0.0063155162987655784
0.9737229581796027,0.006294804257110398
0.9787394346057796,0.006225794584712821
0.981900307618764,0.006182682081753811
0.9860146989996512,0.006125146854271765
0.9883291506902141,0.006092922673002713
0.9916695909878155,0.006047482149919607
0.9933224342873342,0.006025269746803693
0.9983071633449663,0.005960062053401721
1.0007085172503245,0.0059279573696576545
1.0015360725111033,0.005915986106224801
1.0033484331967932,0.005890069224160529
1.0079692187270728,0.005825404643610397
1.0115007192484244,0.005777304093244363
1.015292416625727,0.0057249877103578714
1.0192116410584957,0.005671532583059646
1.0215645078812048,0.00564009129417716
1.0256021384718095,0.005586722966097666
1.030103794236659,0.00552949154666623
1.0317284248082297,0.0055092687301708295
1.0351404877320927,0.005467490223899131
1.0376730782438714,0.00543709421658718
1.041993466242324,0.0053865824013278685
1.0453131412180074,0.005346747460138028
1.0513131977665404,0.0052709550969324784
1.0523606383079973,0.005258151091423697
1.05283385380181,0.005252175477922066
1.054071324726305,0.005236769889351918
1.060459937879982,0.0051609061255552145
1.062830957140058,0.0051335926287853694
1.0678882801,0.005076832177904702
1.0682109698948286,0.0050733856829847535
1.0734054489832083,0.005016894746561896
1.0760290583249141,0.004987664512755404
1.0832679320836236,0.004908737920322983
1.0838650693771297,0.004902230259202778
1.0840851502926334,0.004900217732142724
1.0845411743568942,0.004895267338617836
1.0918082837224374,0.004819705433293661
1.0948711078355873,0.004787010205395198
1.099732623186716,0.004736400091911587
1.1015283033906516,0.004718109053208178
1.105764378793993,0.00467582726227846
1.1077385742413233,0.004655196254276423
1.111251590046581,0.004619018987118697
1.1130149638047455,0.004601253917880053
1.1157569608405493,0.004574156389881076
1.1167660308680607,0.004564342358597779
1.1189248297748258,0.0045435573996605565
1.1238985829724157,0.004496231195312851
1.1278771423809384,0.004459598657076208
1.1284224989581275,0.004454811966594244
1.1321652879280848,0.004421309029046459
1.1361621265172461,0.0043863951580897995
1.1390988023844035,0.004359874359989708
1.140467988390175,0.004347017400475129
1.144131811339218,0.00431303075463713
1.1487316170317825,0.004271544836094584
1.1504321107656053,0.00425686375952571
1.1540582068449154,0.004225249871280962
1.1571306344253391,0.004199172808744705
1.161878178354871,0.004159701675102193
1.1656474086784583,0.004129331049971013
1.1717121235010501,0.004081933440897774
1.1734381270345828,0.0040682252829284645
1.1742666033592453,0.004061548833548601
1.1765735246589097,0.004042861929040506
1.1792611604206849,0.004021719603015111
1.1828809116324264,0.00399336535249439
1.1851130898491387,0.003976247892471724
1.1897396153512352,0.003941236751361783
1.1916044952484164,0.0039273187646150605
1.1934146062821134,0.00391419165779832
1.196904211116007,0.0038891129408610637
1.200462049618186,0.0038638287610502685
1.2075686223774518,0.0038151982762701037
1.2088126465378883,0.0038070126192781078
1.2094497554804569,0.003802686148696891
1.2112928298916237,0.0037896165149557946
1.2184163991186772,0.003740738337901853
1.2208395633159883,0.0037247037572155843
1.2256825834585314,0.003692840496704793
1.2275029233034782,0.0036808459085458894
1.232986140264423,0.003644634887573926
1.2366183545792564,0.0036211688748401544
1.2440682604321627,0.003574406871308159
1.2452535679257584,0.003567188505249791
1.2458586902027278,0.0035635285113616317
1.2476637592651345,0.003552234427613522
1.2514329760540073,0.003528750258823966
1.255119532310595,0.003505919630735984
1.2576430486877022,0.0034904505699903574
1.2627236250127858,0.003459880829829084
1.2644736630696223,0.0034496778872483065
1.2662567321033622,0.0034391791278434057
1.2701557969009538,0.003416766128673478
1.2739467740416828,0.0033951961856623944
1.2815224383619521,0.003351352282902465
1.2827930389982305,0.003344161825615406
1.2834257095581219,0.0033404668708613317
1.2854001565986852,0.003329721986096516
1.2929908000516168,0.0032868793102016395
1.2955560136144746,0.0032723767142872067
1.3007457331237158,0.00324387057574517
1.3026019892983316,0.0032337428087793555
1.3084459717082575,0.003202840602731185
1.3123544038283421,0.003182570902560099
1.3200212628200407,0.003143507538097709
1.3214641766843933,0.0031359704990528126
1.3221830292039476,0.0031322582262137758
1.3243355319112518,0.003121147753793681
1.3280217700010664,0.0031023748197321964
1.332020871671253,0.003081767374691092
1.33461190451777,0.003068412074972493
1.3399256866213356,0.0030411543380104906
1.3418605584810654,0.0030310371143861376
1.3435449031349076,0.0030218124474892965
1.3478904438784132,0.002998660301345116
1.3516291783499368,0.002979071097806764
1.360787903277354,0.00293285543182289
1.3613010962577967,0.0029302627424575116
1.3615446016277717,0.0029290597730435033
1.3622490379787766,0.0029256386394083084
1.371555969049612,0.002880206407739557
1.374845176096405,0.0028635609581383523
1.3815374295063456,0.00283078162134869
1.381948215961285,0.002828770545721056
1.388524010912571,0.0027974053970017025
1.3916285291082635,0.0027826883460083697
1.400401481942955,0.0027423762421997476
1.4018373838242184,0.0027359738078123427
1.4023389414325882,0.002733771028143171
1.403383298872204,0.0027290690704281696
1.4121689146774954,0.0026906383312302017
1.4162913217221256,0.002671668576788057
1.4224253062171686,0.0026442159902547733
1.4252163062362646,0.0026320917040838073
1.430382519318943,0.0026099462190480424
1.4395946228608696,0.0025705934261596322
1.4433155907480884,0.0025555355037224113
1.4446139153669317,0.0025503747060278046
1.4472945249882863,0.0025396431237061107
1.4539774157109824,0.0025134677661030522
1.4589869047514854,0.002492320340762305
1.4644843600146495,0.0024695171143113803
1.4699954235695232,0.0024473862976754916
1.4735028962362204,0.0024335112379432603
1.4751421042546606,0.002427139819567697
1.4796986759489572,0.0024095711087821665
1.4859348738391536,0.002386092585422965
1.4881633126010545,0.002377966818928789
1.4927889703150805,0.002361201486292645
1.4968934386383461,0.0023466288099552595
1.5029695907816605,0.0023241306078275368
1.5077797503028292,0.002306287450065049
1.5161191656015967,0.0022762535265197386
1.5179231820103072,0.002269935321701139
1.5210964070879807,0.002258635250986271
1.5298644179587229,0.0022283770995402724
1.5330255519581009,0.0022177742109516976
1.5396353434454226,0.002196025798230518
1.5411246071698608,0.0021913141390641528
1.5482781808786432,0.0021670170485961655
1.5522988264831554,0.0021533367343803357
1.5559613090560218,0.002140959673718029
1.5632593189607524,0.0021171540355894108
1.5635691833773433,0.002116151188613954
1.563682563753117,0.0021158504271615204
1.5639169092505316,0.0021150820087515653
1.575016536971593,0.002080429034422767
1.5792402104368168,0.0020677524805954328
1.5852367578423059,0.0020497723666622627
1.5866320667529281,0.0020460206527897437
1.5879825445291589,0.002042146795372868
1.5949526458071377,0.002020524523488786
1.5981478349416371,0.0020106565726992834
1.6068550135260489,0.001984535222522202
1.6097471845225004,0.0019759037367616896
1.6108214099130331,0.001972910289092213
1.6130811767287445,0.001966440034222063
1.6215443789239827,0.0019426410984791766
1.626848058125965,0.0019282443946979201
1.6335030451239982,0.0019105116025019098
1.6379429435825992,0.0018983306746305308
1.6430341612923511,0.0018839945467524785
1.645362979559431,0.0018775193558654482
1.6511875036418875,0.001861693172747416
1.651730366930048,0.001860223669712728
1.657345074645976,0.0018453591204910047
1.6593813058875324,0.0018400044629895164
1.6636824272074304,0.0018290239450043124
1.6694951302112389,0.0018143227417529348
1.674919209202419,0.0018010192030863156
1.6758910941712692,0.0017986315378992735
1.6818358817983843,0.0017845127817108515
1.6892914256488638,0.0017658972071014432
1.692565144344788,0.0017576891571453948
1.6940794903516558,0.0017539179663717901
1.698203727828118,0.0017436990092629988
1.7064740993486098,0.0017242561064097508
1.7094050907093876,0.0017173532546255175
1.7155226639964563,0.0017034689199748583
1.71903418050156,0.0016955778203441864
1.7264125838266247,0.0016795337266087068
1.7317327487531784,0.0016676662054378195
1.7419548992344114,0.0016445197363542888
1.7435892906800938,0.001640939523556519
1.7443480341465174,0.0016391264542106303
1.7464236180105688,0.001634473469190026
1.7522416247208652,0.0016217713659644564
1.757097688305762,0.0016113295772259633
1.7609368948388153,0.0016032068616364831
1.7689525852515824,0.0015866830782264073
1.77002609365394,0.0015845044909915814
1.7784570966222506,0.001567381151886625
1.7959432396037485,0.0015320898316133304
1.7960995175847205,0.001531799504123199
1.796151613266958,0.0015317511215572738
1.7962471259422392,0.0015315576065749413
1.8092667868958856,0.0015060367628589913
1.8140221790949063,0.0014969783231202883
1.8225482065262355,0.0014808008571646593
1.8240024930062253,0.001478137223770184
1.8320705456834654,0.0014630873367633757
1.835918247067997,0.0014559418289152488
1.8467241429224406,0.0014361195188418584
1.8493506089803995,0.0014313192733167689
1.8502984820370851,0.0014296474964026536
1.8522986558436907,0.0014260169945455724
1.8628812477887553,0.001407113128753513
1.8687077747606848,0.0013966631073966907
1.876474598068739,0.0013831415906180437
1.8811610906920004,0.001375126344049632
1.8873002282347646,0.0013648707633156358
1.8985737437309247,0.0013461607993486705
1.9041068603487905,0.001337092254863769
1.9060776647922644,0.0013338442407406748
1.9103116464038314,0.0013267850248831039
1.917917587729944,0.0013139400188966167
1.9250419248971766,0.0013022061490036748
1.9318471633749912,0.0012912702416655061
1.9404203822149118,0.0012779614976052558
1.9441948673249396,0.0012722826007389224
1.9460048999186002,0.0012695328188475896
1.9511621320442294,0.0012618371061236169
1.960219013015714,0.0012479642206378412
1.9635383693446244,0.0012430270379645077
1.9706082949029964,0.0012325491840547561
1.9745464946897222,0.0012268008089723038
1.9830743269029352,0.001214636005584034
1.9890700411557038,0.0012063582271314534
2.0008112138586194,0.001190516652853935
2.0028046548100407,0.0011879248305350645
2.0066810881388166,0.001182795460364626
2.0186481912640404,0.00116728174075271
2.022731286927251,0.0011619478590542773
2.0311480897108516,0.0011511349248763635
2.033564934353077,0.0011480847598585489
2.0428561763565662,0.0011365389395494785
2.048676081994481,0.00112950670012342
2.0615811564985984,0.0011143398934023822
2.0631812956321096,0.0011125286969514675
2.063989313984321,0.0011115452044513031
2.0664552254852953,0.0011087049939091846
2.0794873733959722,0.0010941112167489398
2.083708636913464,0.0010891976919358132
2.092379173019141,0.0010790276786150819
2.0947473583438896,0.00107576075206088
2.104440212180931,0.0010626909551284384
2.1095940666807658,0.0010559988959440722
2.1228315670610534,0.0010392555642209055
2.1246846549351868,0.0010370421786434938
2.1253780534327382,0.0010361745090466377
2.1269300309996755,0.001034310660162808
2.1399556026849744,0.0010186509624652894
2.1465242128842017,0.0010106707977361711
2.155263376532514,0.001000364694934533
2.16145576235374,0.0009932334097967218
2.1678807631688746,0.0009859816590913183
2.1707960804285262,0.00098274808447473
2.178638588204714,0.0009742949293955679
2.178722843530325,0.0009741564561335248
2.186551708321723,0.0009657619499893721
2.1894497975416956,0.000962716312410618
2.1957032559049994,0.0009561704743874386
2.202379104175054,0.000948949507894494
2.2076447478879744,0.0009431524353079173
2.2112334300841567,0.000939525005249161
2.218262088244659,0.0009322677746410068
2.230795315880568,0.0009196768306570322
2.2332337959115187,0.0009173268804981769
2.2343676247514437,0.0009161686270033236
2.237469694885327,0.0009131351649178291
2.2507260926286534,0.0009007030415881459
2.255453051382078,0.000896389073501778
2.2654076232744482,0.0008872343223601649
2.267220765527929,0.0008855404813303244
2.2778933743085257,0.000875237764688355
2.2834720222308427,0.0008697261501465921
2.297889453824285,0.000855936255577433
2.2998564431118074,0.000854234709279501
2.300556964171403,0.0008535873912762003
2.3021088773685214,0.0008521730927503794
2.3164704031790966,0.0008392842537702991
2.3234460423346834,0.0008332617804399175
2.3332212994327475,0.0008246345241879592
2.338895874793463,0.0008196616058863932
2.3465628522635,0.0008130862269794577
2.3594844828357613,0.0008023202935984225
2.367047306794406,0.0007960097314895839
2.369909659744033,0.0007935746202293692
2.3764487736459823,0.0007880045861855191
2.3839795388525724,0.0007817201981327644
2.3934887531055975,0.0007738709784645921
2.4009748592616034,0.0007675659516593903
2.4154276589819825,0.0007558851385576156
2.4173024434449277,0.0007543944014886382
2.418120562103553,0.0007537275052206461
2.4201085746403477,0.0007520628426769853
2.4355299832951895,0.0007404191409825444
2.4413530648527,0.0007361284436170688
2.4525193231713383,0.000728127291164994
2.453207048628728,0.0007276214980230214
2.4540135930351137,0.0007270701243898239
2.465642974642308,0.0007177377702754136
2.470421203774952,0.000713927951284026
2.4819063718084085,0.0007049535252295157
2.48778020279496,0.0007005363644436617
2.4901745535809146,0.000698768430989498
2.495838705453083,0.0006945655111939618
2.5054125663971996,0.0006876674260554506
2.5149502061228,0.000681009910302156
2.5233040737548165,0.0006752694701240208
2.537162156323058,0.0006655921201962428
2.5399723606450366,0.0006636817418183452
2.5411759316780733,0.0006628437507888953
2.5441012648077934,0.0006607951417524931
2.552576641616535,0.0006547492651416066
2.5589084028767854,0.000650204975995855
2.5652434696855018,0.0006457330173845242
2.573789279285337,0.0006397643245697279
2.57678952496537,0.0006378474838255547
2.5808410384786047,0.0006351334276190661
2.5907660101832652,0.000628507880394105
2.6042265517310494,0.0006194028453457761
2.6129274910007494,0.0006138326180097887
2.6165424837213647,0.0006115683521266734
2.6251957372159342,0.0006061834499642046
2.6313641643948644,0.0006024327406766251
2.6425754167719986,0.0005953485844313571
2.6496427171466745,0.0005908245391375599
2.655688852003597,0.0005868907334929473
2.6652573798953045,0.0005806033679438686
2.667758061092136,0.0005790283623161362
2.668867360944154,0.0005783429249808331
2.6717846970702386,0.0005764735333829267
2.686120611756032,0.0005676380070180557
2.695420893233706,0.0005621336544409784
2.6954339231439812,0.0005621247767506257
2.7047926007751384,0.0005567178450532448
2.718595869285713,0.0005490168588857112
2.7222386162759986,0.0005468880275018061
2.7236667984620584,0.0005461026262199684
2.7269274380227797,0.0005442342950161619
2.742274981288026,0.0005351824455019609
2.7493231586009417,0.0005311575429510157
2.761123747190274,0.0005246214626979997
2.7676115646604575,0.0005211613695835004
2.776677174890645,0.0005162707414685514
2.7801961445216103,0.0005143826024997962
2.7879212387458687,0.000510143385700053
2.799129646603521,0.0005040250679627447
2.8043033462396165,0.0005012784007766059
2.817974122926919,0.000494188180655998
2.818301077352802,0.0004940009033606887
2.8322043804175494,0.00048669068682578897
2.837439212891313,0.00048399261848944345
2.8490119635449243,0.0004781879355210141
2.8567487380277803,0.00047423203302326245
2.8603830121347222,0.00047239318232348193
2.870328276383991,0.00046746529913842234
2.8761618622711485,0.0004646389343512949
2.8888420033100415,0.0004586750322113917
2.8959028887133855,0.00045544124466410235
2.911948060717753,0.0004482341790319635
2.9158639829330553,0.0004465102391114228
2.9175841433417475,0.00044572114419712895
2.9224822805778405,0.0004433482129733488
2.935416299249973,0.000437222355221148
2.9466122493808213,0.00043212189392868736
2.9552568647930864,0.00042827644592794334
2.9743183843555947,0.00042015672987138564
2.9754400869462603,0.00041970575650484307
2.975929166607103,0.0004195334534616235
2.977166609324373,0.00041901696863227923
2.995703226002765,0.0004112546214017667
3.005537768508161,0.0004071188013595557
3.0159075349388287,0.00040280186169337767
3.033006122793802,0.0003959084768606731
3.035440957160937,0.0003949467509067473
3.0363361764751953,0.00039459761189707907
3.0383183383822816,0.00039383805589628655
3.0505039363056135,0.0003891146263065632
3.056851473911463,0.0003865177336780828
3.0656416635161934,0.0003830176219614143
3.0699720292414097,0.00038130355673032134
3.077349181383962,0.00037847775717255214
3.090624947292753,0.00037349589087030884
3.096142847685787,0.00037148400452606214
3.102435373655547,0.00036916798719289064
3.1190669398533717,0.0003631311009322801
3.1269474992328044,0.00036019528460338736
3.1398831714865407,0.0003555045954012
3.1497570639426726,0.0003520461682325153
3.158058637464581,0.00034918342625095465
3.1610598918870165,0.00034819769898284146
3.1674766977637625,0.00034604325490561434
3.1737300908267594,0.0003439727545937397
3.1823409777280336,0.0003410140563438812
3.1894793117286433,0.0003385830744388781
3.1996097026261965,0.0003350298984636342
3.2034014035821623,0.0003337308087346895
3.2110060520167973,0.0003311634113280149
3.2212126017115845,0.00032779679572909204
3.231943696011259,0.000324367058953854
3.2463806868764995,0.0003199104554869185
3.2532616177409173,0.0003178557291439756
3.2682361747295947,0.0003133104050115752
3.272726147514878,0.00031196740785026524
3.285629501089936,0.0003081674718287201
3.2902387994700004,0.00030684651972098955
3.300019146279209,0.00030404866282705275
3.301934008194676,0.00030351612641939404
3.312325502863937,0.0003004780244767154
3.3183194242856064,0.000298774513044214
3.3340124508099227,0.00029437184857926423
3.334560469802421,0.00029424170518709567
3.3354632856926245,0.0002939815909886214
3.35133459141952,0.0002895214981517057
3.3680954020580005,0.00028500301376185844
3.3793974996786385,0.00028211012125155136
3.3846782384619383,0.00028076780706875115
3.3990087064637096,0.0002772427958703021
3.4024116419440498,0.00027642959218638713
3.4183536335789695,0.000272511088047571
3.4254417603689316,0.00027079073364878905
3.435316766849691,0.00026827502747061167
3.4397037064299605,0.0002671503867114358
3.4482360193564467,0.0002650700750932813
3.4523640774528963,0.00026406727819415927
3.4641666418585513,0.00026125895259931974
3.4714084974356085,0.00025958093413187567
3.48671290360569,0.0002560872405529226
3.5116289916457064,0.000250416050616588
3.518238671312027,0.0002489491731909917
3.521403478725744,0.0002482895319596542
3.529984869587759,0.00024646505417167877
3.542198340250929,0.00024393636823459295
3.556439202997859,0.00024102598456812244
3.566088446907033,0.00023892259964083034
3.5740875678648107,0.00023715197000864064
3.5853008917745717,0.000234729955581701
3.589679800114716,0.00023381608958366633
3.591823510436511,0.00023335496355500671
3.5981144772432736,0.00023206131307978775
3.6136630414435187,0.00022891631278206852
3.627559869222438,0.00022623514751737202
3.659969873573396,0.0002200264396460277
3.662527345258689,0.00021958557328070528
3.6636517820425665,0.00021937413272202745
3.66680558704187,0.0002187928565475475
3.6870507631230707,0.0002150043791075731
3.7001027864333302,0.00021247273360316103
3.711316751249592,0.0002103625582742891
3.718464063062256,0.00020905765590958187
3.733160916893076,0.000206243953922859
3.7356521504746167,0.00020578844900553297
3.7369164551274014,0.00020557081343278098
3.7407842693283913,0.00020485457126382105
3.760274358951108,0.0002013583145826388
3.77409639640387,0.00019898734951669434
3.808257414441179,0.0001933248049560135
3.810485605731808,0.00019294048766132265
3.811646254441903,0.00019272730827308923
3.8154438599747524,0.00019207098122457292
3.835313667994423,0.00018869453511456544
3.8495697096779353,0.00018635786623630068
3.8605647660263998,0.00018462364440745762
3.8686726963843845,0.0001833683249992779
3.8826116420448713,0.00018121491321515182
3.886104218659848,0.00018067766986015976
3.887870479166402,0.00018040394744154857
3.8933246410235367,0.00017956257772611255
3.9117369874698147,0.00017679369472061606
3.926552316944066,0.0001746402494822807
3.960791086064543,0.00016986358671897643
3.963970726944565,0.00016940279692718337
3.965619014397965,0.00016916752758838695
3.970663961582216,0.000168458357232694
3.990165325401034,0.00016577428426601604
4.005074400637027,0.00016380420633010703
4.0168048588124785,0.0001622952439141776
4.024949059054398,0.00016127831987380927
4.041804765477884,0.0001592233088387049
4.04392523850735,0.00015896702518889384
4.044922342867379,0.00015884656389620935
4.047621622807248,0.0001585307871301526
4.07093352872382,0.00015563330402541418
4.0829555670954765,0.00015415578323532206
4.085166746771387,0.0001539076562050827
4.0981519161348094,0.0001523767140970332
4.125691891620431,0.00014927782719758516
4.125811556890473,0.0001492589680659113
4.125851446085122,0.0001492589680659113
4.125891335665428,0.000149249539393562
4.153708078835649,0.0001461980866718996
4.166860757011734,0.00014478269890124039
4.18183365251705,0.0001432180689087654
4.203723285024032,0.0001409027702914275
4.208318370558416,0.00014042293014743406
4.209956328543068,0.00014025670146967012
4.2132036067819225,0.00013990052820567672
4.23824764044567,0.0001373522287377787
4.25018846098427,0.00013612563303452258
4.256850499398264,0.0001354479796826007
4.266615632805867,0.00013448453754880132
4.284307347578074,0.00013277932098874787
4.292475132171821,0.00013200987048264648
4.2954745786125175,0.00013173704033236943
4.301947644296006,0.00013113714033392596
4.324424199022484,0.00012902529550041088
4.335182528834613,0.00012790133781763466
4.352337939640345,0.00012613608376209543
4.3706914550117935,0.00012433037927997
4.37831483692346,0.00012359622561451203
4.380728325769944,0.00012336610981125752
4.3854320964008195,0.00012292269225515327
4.40962363842125,0.00012071414455213064
4.4218762840367205,0.00011959079457629975
4.428208020550838,0.0001190104893573303
4.43850570721492,0.00011808374952835254
4.461598686405963,0.00011594566163025705
4.465871139834664,0.00011556176203124614
4.467177427590375,0.00011544319376884094
4.469499460121417,0.00011522279830701838
4.496219105036649,0.00011289199060857435
4.5103037164579645,0.0001116861053832123
4.525340205456451,0.00011037973340199606
4.553945410568876,0.00010800522674968714
4.554782024498671,0.00010794383815991762
4.555178368950355,0.00010791315695091355
4.55640064813456,0.00010781605730908888
4.584448633990097,0.0001055667005497401
4.600499495685482,0.00010427095864015668
4.638551566076231,0.00010123976484383642
4.643599514367396,0.0001008599464623564
4.64627153879801,0.00010065944336718506
4.654971867031076,0.00010000976722079423
4.673855914678144,0.00009864036802271143
4.692498984619017,0.00009730815920662204
4.704082052700359,0.00009643916879364176
4.715784897716744,0.00009555379041743522
4.724729589690109,0.00009489809238019109
4.734011620954927,0.00009422308179066081
4.739186364115723,0.00009385476407575324
4.756698667922764,0.00009263838035241447
4.76450011241222,0.00009210445404648486
4.786338253335589,0.00009063550817082213
4.811206074152884,0.00008895366313118759
4.82597410824182,0.00008799792222071015
4.833959273854835,0.00008747416215196939
4.856867034931973,0.00008599753537551318
4.86147099797988,0.0000857155022921232
4.8820540932314245,0.00008441508379823025
4.8879577191935635,0.00008404262173501759
4.898318087362931,0.00008338159372852174
4.906280648788711,0.00008291149410079447
4.919247426949292,0.00008213214759299243
4.9306274254625535,0.00008146813148583025
4.9432284035913465,0.00008072784683585926
4.951096429113142,0.00008030314048484604
4.967710499824095,0.00007939769808588223
4.979684031446696,0.00007871848446166684
4.989804621041746,0.00007815855950142069
5.015559846218867,0.00007678095995688543
5.029228719450229,0.00007607846052758617
5.0484716758426185,0.00007511381244893292
5.071403017099506,0.00007400812340536478
5.079266345578723,0.0000736176066320874
5.081673166195094,0.00007348982717592854
5.086391876357779,0.00007326269683962068
5.104471541170886,0.00007238974919377294
5.114994101463909,0.0000718918693339897
5.129801814252911,0.00007121160572321695
5.135756756687333,0.00007093099933430288
5.1488944194970685,0.00007036087501149941
5.173682274339705,0.00006929668981692345
5.180840078689395,0.00006898875506663087
5.1876566883764115,0.00006867351167234093
5.217383192145414,0.00006739706764726289
5.232386141386128,0.00006675300960225592
5.2517970857602885,0.00006594825255338497
5.277654337857906,0.00006491491493205336
5.284445054612728,0.00006465095163212104
5.2868085350170855,0.00006456014374240404
5.291397980934071,0.0000643717936801461
5.310668422740195,0.00006359976154546475
5.321693221375424,0.00006317331086015622
5.337021920905695,0.00006255281929893719
5.341990653100332,0.0000623230627814542
5.3553710994049215,0.0000617079986741592
5.386891883325711,0.000060339535880589516
5.3889234380553415,0.0000602519290111092
5.390121893568512,0.00006019866537803146
5.395100940825528,0.000059976608452046576
5.422240373484639,0.00005879863589701828
5.443750177176755,0.00005790658216704547
5.456132533149886,0.00005740577601809437
5.476797112949789,0.00005655985925102279
5.489891526273124,0.000056022902405883735
5.497912028088215,0.000055689456359946796
5.520495872821745,0.0000547597551270177
5.523498922346196,0.000054650033157932434
5.532223692981362,0.00005430674442559282
5.5526127549580995,0.00005352508800500871
5.557688167929487,0.000053334386179296354
5.5659422472110265,0.0000530169420730429
5.592278268857305,0.000052061921837497106
5.607857719259361,0.000051500115154891995
5.627110854494495,0.00005082142146664755
5.6605867686691616,0.00004969595370281202
5.662584673182084,0.00004963477334650076
5.663652335808192,0.00004959872793669567
5.667472930968718,0.000049477463173393716
5.698282122049495,0.000048475832711119364
5.720002073294762,0.000047794705855254675
5.762743424115307,0.00004658299249001345
5.772125121314502,0.0000463313351588747
5.776912454819232,0.00004619908486291586
5.7917742365517455,0.00004580748832980827
5.809790849681005,0.00004531460530002633
5.834389058433094,0.000044655322999003024
5.847179424581864,0.00004429429684041771
5.86334145182483,0.00004381008410155424
5.868105154151137,0.00004366502758557299
5.8833437407864295,0.000043226588878022004
5.892437517685902,0.00004296591304085952
5.916413152188799,0.000042275321223632835
5.919645881526931,0.00004218062073663748
5.930329292713492,0.000041873976110471575
5.951063522177444,0.000041290827488066003
5.964196160021546,0.00004092984439455233
5.993155299744425,0.00004017415116938762
6.010272818115407,0.000039739999283016774
6.030353643552807,0.000039211331729154516
6.063736384125457,0.00003836599344588017
6.067753538138532,0.000038270378531990195
6.070071208878591,0.00003821360680269057
6.07905687437392,0.000037996960955864124
6.105798593481339,0.00003736852618984608
6.130464555585721,0.000036795784200410395
6.143933689717071,0.00003648216418177973
6.166845507942077,0.000035962742464890315
6.182381681869459,0.000035619638808149504
6.19145877766992,0.00003542273355621893
6.221401090319411,0.000034789590973870076
6.224935876911568,0.0000347176899160267
6.253059853458913,0.00003411384665779384
6.260212813437693,0.00003396279080975288
6.271950470427195,0.00003371003144804275
6.299479822144539,0.00003316297173371662
6.315273820760977,0.00003285332375448935
6.339314893787746,0.00003239272963235315
6.377366845780738,0.00003159843055177014
6.377798462159116,0.00003158845146595377
6.378106777456741,0.00003158346310491679
6.379401864473032,0.0000315565395644535
6.416515649629617,0.00003080414269936386
6.441564882096866,0.00003032051746159449
6.455592700597407,0.000030043103031965267
6.4735303061810345,0.000029692163265322766
6.4770361338613,0.00002961910061917235
6.494625167718018,0.00002929253715066918
6.505654354505676,0.00002908969162189351
6.5283369775372275,0.00002867642738978432
6.534414816189278,0.000028575611448049836
6.552555600265479,0.00002826099922318578
6.570381476390789,0.000027944113064708257
6.5805849113948245,0.000027763756179324234
6.613607857108903,0.000027163923655992427
6.635752591958819,0.000026725207035051032
6.651328555299118,0.000026426376162664383
6.671841615448116,0.00002602463076431192
6.688763197435339,0.000025696270844709378
6.701774108537193,0.000025450712832440395
6.726636142973082,0.000024991861934223514
6.7551162043600215,0.000024394444398814606
6.762107940648023,0.000024245420279288
6.768452497202178,0.000024110249327351592
6.797191750741162,0.00002350827500280482
6.82892443503145,0.00002286637312614308
6.832688790399051,0.00002279858175733778
6.835794293413128,0.00002273529965477839
6.867790191750488,0.000022098095312871373
6.903005178980035,0.000021434020443171324
6.903472370246795,0.000021427251375035428
6.903806097653064,0.000021421837659729307
6.914293348785212,0.000021222488851794725
6.938669064504212,0.000020763651678867947
6.972494576075604,0.00002016131853922695
6.974449774542819,0.000020128231378782996
6.9762706245884205,0.00002009139052458802
6.988320432391684,0.000019795954219555083
6.999443584920225,0.000019313589434338896
7.010889456056024,0.00001883286312438453
7.019995150469097,0.000018453938725467745
7.037306451996252,0.000017728045722297165
7.0391437123089995,0.00001765317004951682
7.039892363278801,0.00001762085931880065
7.041866461158383,0.00001754311134625642
7.0593852609790035,0.000016818215226003798
7.06614537027675,0.00001654737310726046
7.078624158566161,0.000016047569660213814
7.08066045998449,0.000015963900297330213
7.0916049074553476,0.000015510843433946338
7.097246437526556,0.000015302808376695867
7.10450642839006,0.000015017187091763357
7.111928552362862,0.000014718986782522604
7.111928552362862,0.000014539242118547178
7.111928552362862,0.000013628502040005057
7.111928552362862,0.000011974594975791475
7.111928552362862,0.000010521400254653168
7.111928552362862,9.24456013271538e-6
7.111928552362862,8.122672836212504e-6
7.111928552362862,7.136933835354369e-6
7.111928552362862,6.270820651934165e-6
7.111928552362862,5.509815917576251e-6
7.111928552362862,4.841164040660773e-6
7.111928552362862,4.253657403294291e-6
7.111928552362862,3.737448504663916e-6
7.111928552362862,3.2838849020131405e-6
7.111928552362862,2.885364182600177e-6
7.111928552362862,2.535206535749246e-6
7.111928552362862,2.2275427891094455e-6
7.111928552362862,1.9572160324393655e-6
7.111928552362862,1.71969517998313e-6
7.111928552362862,1.5109990226124047e-6
7.111928552362862,1.3276294967332754e-6
7.111928552362862,1.1665130514438361e-6
7.111928552362862,1.0249491311672695e-6
7.111928552362862,9.005649102513447e-7
7.111928552362862,7.912755208176827e-7
7.111928552362862,6.952491072193207e-7
7.111928552362862,6.108761213663726e-7
7.111928552362862,5.367423442629529e-7
7.111928552362862,4.716051815554711e-7
7.111928552362862,4.143728357697979e-7
7.111928552362862,3.6408600613245726e-7
7.111928552362862,3.1990180923714265e-7
7.111928552362862,2.810796510425785e-7
7.111928552362862,2.4696881339502173e-7
7.111928552362862,2.1699754700672242e-7
7.111928552362862,1.9066348807214975e-7
7.111928552362862,1.6752523788995928e-7
7.111928552362862,1.4719496435241636e-7
7.111928552362862,1.379746520209835e-7
7.111928552362862,1.2933190129203636e-7
7.111928552362862,1.2872059011187391e-7
7.1044377412248725,1.2206817557715888e-7
7.1034075134325185,1.2123053362924369e-7
7.102205769825591,1.2015170443839833e-7
7.096337316447555,1.1527792804181239e-7
7.093799255307366,1.1363663672464791e-7
7.091673470550056,1.1153854820822199e-7
7.088246127711701,1.0886539944404591e-7
7.085025935767756,1.0651842254181586e-7
7.081122559479288,1.0353956146405713e-7
7.080129938493005,1.0281282592143944e-7
7.0768108033943316,1.0042172661031051e-7
7.075989814241716,9.984609425118484e-8
7.07204013586107,9.709522300025875e-8
7.070553166235457,9.611118622671514e-8
7.066418642026461,9.359172150059647e-8
7.063891281536694,9.170137884647278e-8
7.059931292164059,8.921011895636971e-8
7.057406251926254,8.77291234989019e-8
7.055700654928496,8.661127754768357e-8
7.049291298090009,8.280195329621738e-8
7.047860216332162,8.22337594232256e-8
7.047604696591782,8.179725496246207e-8
7.041866461158383,7.858220953135601e-8
7.03943295438181,7.725690541745793e-8
7.038871495332312,7.708262569113213e-8
7.038667339508257,7.685410074413325e-8
7.031270687358601,7.296857868178009e-8
7.02935053034346,7.225415966767826e-8
7.0280084311402025,7.133011633964315e-8
7.023117884535624,6.891828563503321e-8
7.020385416282178,6.772814940426889e-8
7.017331741521114,6.620108415151179e-8
7.014889758090528,6.509795390345302e-8
7.010889456056024,6.348564903148316e-8
7.006722077925454,6.148648052461025e-8
7.006620465508384,6.143794697942355e-8
7.00194788693477,5.950889945170464e-8
6.998580823501987,5.807444557591744e-8
6.995925539219173,5.7017515308475135e-8
6.992476865801695,5.5781253999575924e-8
6.990381444123951,5.485521797640188e-8
6.98521317054007,5.291346028959713e-8
6.9795088651866335,5.22871087590928e-8
6.977282413349072,5.205311556917277e-8
6.972494576075604,5.160130333305896e-8
6.961986357524932,5.062299146184469e-8
6.9539306982269755,4.9873085688950265e-8
6.94397073717796,4.9011837245644994e-8
6.938065333373827,4.8442379829207234e-8
6.93062363384848,4.778586669927964e-8
6.914961865970765,4.642896643551252e-8
6.909214729840101,4.594172917958214e-8
6.907344600172149,4.578816843688917e-8
6.903806097653064,4.548402170432989e-8
6.884226954390064,4.387052000678846e-8
6.8741009837273035,4.306393309501192e-8
6.861103760926767,4.203650364083546e-8
6.8447222071646605,4.071212758259995e-8
6.840289860122999,4.0366402543591124e-8
6.838901207899215,4.024672927196733e-8
6.835794293413128,3.999833769559257e-8
6.823644626998224,3.908167997440167e-8
6.816935268444684,3.852707248701345e-8
6.807829682894563,3.783784566811846e-8
6.80204005836576,3.7402941654545284e-8
6.7950070339411335,3.688205789986629e-8
6.781880687213033,3.592997973758739e-8
6.775261521165071,3.54676779348439e-8
6.773100223893998,3.530895439292331e-8
6.768452497202178,3.497705939333721e-8
6.751345631319143,3.3800278182712505e-8
6.742849163150983,3.324597782663261e-8
6.729449459722008,3.236270814579949e-8
6.712992818448676,3.150589021077229e-8
6.706181536743225,3.116344531151528e-8
6.704641848335018,3.1076454034728555e-8
6.701774108537193,3.093151936085503e-8
6.686500199443962,3.0171620947623296e-8
6.679925688349278,2.9841322024774535e-8
6.668681647180962,2.929590918758935e-8
6.666876623038252,2.9211362912774025e-8
6.65522021249168,2.865754312013312e-8
6.635752591958819,2.7748978619502413e-8
6.630686241664715,2.751855059560769e-8
6.627673919288554,2.738155921760311e-8
6.615798213094972,2.6848010565039347e-8
6.60621077845854,2.642566193452631e-8
6.5830984658768505,2.5666374671592022e-8
6.577388675291417,2.5488237124838584e-8
6.570381476390789,2.527298986384417e-8
6.548090866033862,2.4598824689008516e-8
6.529883527181004,2.4058629515847017e-8
6.518939315178626,2.3740073384883135e-8
6.505654354505676,2.3356285504608413e-8
6.489886171879387,2.291202499637382e-8
6.4770361338613,2.2551593732535604e-8
6.462211943595206,2.2084938171174518e-8
6.441564882096866,2.1446985330010143e-8
6.435651181371155,2.126620215134295e-8
6.431110658271634,2.1138958873045982e-8
6.409168605777184,2.047846525296792e-8
6.40630337161793,2.0394227459474654e-8
6.386128208806069,1.9814811650834353e-8
6.382810432938645,1.9719596057892496e-8
6.378106777456741,1.958706239706525e-8
6.356499204064671,1.89900478299099e-8
6.33998911418117,1.857360918842003e-8
6.32890423588594,1.8313790994561397e-8
6.315273820760977,1.8000092056042617e-8
6.300819860837545,1.7672777121838844e-8
6.2890737788152675,1.7410155814912063e-8
6.272860109593281,1.705419982629161e-8
6.253059853458913,1.6626559726684335e-8
6.245024429137729,1.6457273789509786e-8
6.238597493338692,1.6319581316941738e-8
6.217552713411113,1.587722869585765e-8
6.19145877766992,1.53065037325136e-8
6.1912343067112365,1.530094483330736e-8
6.190979916129532,1.5297320551959634e-8
6.189797885275194,1.5270527537782892e-8
6.1649527986066515,1.4746742342310606e-8
6.144943581671672,1.4339094338558608e-8
6.13879769200889,1.4212388690112606e-8
6.130464555585721,1.4045927146061037e-8
6.11276832448571,1.3697181218853646e-8
6.0994854535598835,1.3440891543829504e-8
6.087055298827944,1.3197731960079545e-8
6.070071208878591,1.2862324426417563e-8
6.062036492597511,1.2708463733379108e-8
6.05623700403487,1.259895229276718e-8
6.037120517807646,1.2237333729093148e-8
6.022633519163531,1.1969355504333035e-8
6.013527762452592,1.1809752229441608e-8
6.0123069518040815,1.1783669524418787e-8
6.010272818115407,1.1746508413733494e-8
5.9875953736697385,1.1346823624708438e-8
5.9714660995365,1.106998776405146e-8
5.96272593995522,1.0929279001903675e-8
5.951063522177444,1.0752253957136142e-8
5.93686912778916,1.0539742244048317e-8
5.925801528132174,1.0376562244104187e-8
5.91118159127571,1.0163447126831339e-8
5.892437517685902,9.897021879811485e-9
5.88554829643301,9.801205826034604e-9
5.880145048640143,9.726572991835171e-9
5.860068649916041,9.45142756810408e-9
5.834389058433094,9.134305725518543e-9
5.83351480303121,9.12623085859616e-9
5.832612483251969,9.117299153604681e-9
5.803685574363317,8.845967110469072e-9
5.776912454819232,8.60089240732391e-9
5.77395305139329,8.574851848446474e-9
5.770771988735813,8.546190310410303e-9
5.744442271683577,8.31138951789116e-9
5.720002073294762,8.098117077589758e-9
5.715082322109008,8.056022067672925e-9
5.709835571188333,8.01085580183846e-9
5.6870819426030295,7.797656210658207e-9
5.663652335808192,7.585816558967172e-9
5.659300819626294,7.546861284624857e-9
5.655007320060961,7.509054718764882e-9
5.631600958628801,7.304594071110393e-9
5.607857719259361,7.100988907422553e-9
5.6040908576022,7.06965743370591e-9
5.600272381603611,7.038686522913668e-9
5.576310782500327,6.845519595058738e-9
5.5526127549580995,6.666912980300567e-9
5.548051528290627,6.633305058765344e-9
5.543279671089325,6.597782254008576e-9
5.519908800693979,6.427872306587365e-9
5.497912028088215,6.270057004760446e-9
5.491975199491535,6.228309947887377e-9
5.485593960605625,6.184496287709503e-9
5.464130128463935,6.035324534762084e-9
5.443750177176755,5.9016690207655405e-9
5.435979492161142,5.851459975203876e-9
5.427354033751684,5.797098609832821e-9
5.407817031862401,5.674272062107169e-9
5.390121893568512,5.564407923429473e-9
5.379865490629625,5.502015088797833e-9
5.368590415647418,5.433967574515615e-9
5.3520584233412665,5.334987414423901e-9
5.337021920905695,5.246254485099626e-9
5.321307353046919,5.192674900456695e-9
5.286131321801773,5.104212642619848e-9
5.284445054612728,5.099861521428366e-9
5.283678747360736,5.098411972108087e-9
5.281584741135327,5.093583116009567e-9
5.246379628309063,5.005464932743129e-9
5.232386141386128,4.971195526434216e-9
5.209293450730483,4.914522822257119e-9
5.197973804892826,4.878641131214981e-9
5.180840078689395,4.819216576905145e-9
5.176083790692005,4.8032600047884495e-9
5.167633395285306,4.774520385688985e-9
5.143533381889758,4.691847838452748e-9
5.129801814252911,4.645690893908799e-9
5.111138254607632,4.583309417228864e-9
5.080236304477081,4.481031036095207e-9
5.079266345578723,4.477989011036898e-9
5.078996263411228,4.476999029981198e-9
5.078529791674728,4.475443787637405e-9
5.052768733077891,4.340951212234578e-9
5.029228719450229,4.220353267873795e-9
5.026822437852953,4.208240036083055e-9
5.024174429109017,4.195101387845865e-9
5.0009610282174455,4.079843817538251e-9
4.979684031446696,3.976535341248474e-9
4.975268743481049,3.9551776570537215e-9
4.970472912931617,3.932319673619834e-9
4.949397407155769,3.835895632275843e-9
4.9306274254625535,3.772572607028284e-9
4.920103582630547,3.737819712686253e-9
4.904383627584899,3.685998641257568e-9
4.890983138435236,3.6422513915626775e-9
4.8820540932314245,3.6130330131467206e-9
4.862093807404253,3.5488463096001294e-9
4.837126640292013,3.4699263774979844e-9
4.833959273854835,3.460130949675494e-9
4.833328385959889,3.4580550342472212e-9
4.832090215825483,3.4551071914369006e-9
4.80483766850402,3.3691075932636647e-9
4.786338253335589,3.3117115747744105e-9
4.776641890469278,3.281877855479857e-9
4.7623355988495595,3.2386788130356247e-9
4.74856566096366,3.197108548308469e-9
4.739186364115723,3.1690078313325045e-9
4.727836812661553,3.1356029008096182e-9
4.720665868435576,3.1144796037958074e-9
4.693270301044432,3.0358075373180094e-9
4.692793884753696,3.034561238287785e-9
4.692498984619017,3.0336987156169714e-9
4.691183502090831,3.030251075811704e-9
4.66431977963835,2.9598705630207127e-9
4.64627153879801,2.9132165370256338e-9
4.635996033836832,2.8871094650689562e-9
4.619397027289564,2.845644145551602e-9
4.607844281940984,2.816137018770165e-9
4.600499495685482,2.7976959919972566e-9
4.579863479530219,2.746909254546858e-9
4.568807134732775,2.7199719243711676e-9
4.555178368950355,2.689898086423007e-9
4.551436490672783,2.6817539955337808e-9
4.544796732806849,2.6673926141793764e-9
4.522814249534556,2.6195504042387057e-9
4.5103037164579645,2.592797141885733e-9
4.494382865798914,2.5587492218020195e-9
4.466216567208385,2.5003067826667812e-9
4.466087028812311,2.49951716193196e-9
4.465871139834664,2.4989645757972884e-9
4.464996896191014,2.4971103585284046e-9
4.437904977371631,2.4418876321570977e-9
4.4218762840367205,2.4111919016582556e-9
4.409367848187601,2.3874713432084396e-9
4.385940914569752,2.343687230075341e-9
4.380982454606682,2.3343782927170277e-9
4.37831483692346,2.329369792867186e-9
4.369423942650514,2.312764448567803e-9
4.352842918071739,2.282249664511415e-9
4.335182528834613,2.2501110343126096e-9
4.324842311438151,2.2314260712986612e-9
4.295464196292344,2.1968783472880994e-9
4.293159942266355,2.1945896547230866e-9
4.292475132171821,2.1939658797580533e-9
4.291271791253142,2.1928573842261503e-9
4.259917718972987,2.164300618233362e-9
4.25018846098427,2.1554999299195577e-9
4.2331184961262505,2.1398636736457838e-9
4.226953325806883,2.1343622045979764e-9
4.208318370558416,2.1175077286731966e-9
4.194223744753132,2.1049044084408477e-9
4.175046819534152,2.085843444504364e-9
4.166860757011734,2.077493021334045e-9
4.162602703151086,2.0730684185232445e-9
4.149012166234826,2.0592655926312165e-9
4.131329898541901,2.041359276318387e-9
4.125811556890473,2.0358538228398275e-9
4.115274394614188,2.0251432677812694e-9
4.100301950862623,2.0101034035610474e-9
4.085166746771387,1.9949546778958806e-9
4.083942552952418,1.9937263120388594e-9
4.069497199390442,1.9793573586642806e-9
4.054465903254468,1.960225560638358e-9
4.044922342867379,1.945575630743916e-9
4.041648461257004,1.940512371438666e-9
4.034942847441945,1.9302729194038e-9
4.0148538686067505,1.8997575908761893e-9
4.005074400637027,1.88508317682701e-9
3.9882369139183766,1.8598587451498635e-9
3.976791732226792,1.842929474394534e-9
3.965619014397965,1.8264715734527734e-9
3.961796419519735,1.820797857854623e-9
3.953674884705559,1.809360364547652e-9
3.9355312155461935,1.7825573301271492e-9
3.926552316944066,1.7690117027230103e-9
3.9151043532570067,1.7517747004890045e-9
3.9098464797067027,1.7439352280087568e-9
3.898692220260886,1.7271062165075677e-9
3.887870479166402,1.7110339928773594e-9
3.8844232588949428,1.7058805081924721e-9
3.8776973152323144,1.696021788363057e-9
3.8591187104636413,1.6687879575602448e-9
3.8495697096779353,1.6549041759043514e-9
3.8339790050807516,1.6325019448454136e-9
3.819900725358774,1.6124134346353659e-9
3.811646254441903,1.6007673541975227e-9
3.8090030688985888,1.5970049327419464e-9
3.8040256010639935,1.58978275580905e-9
3.7844916828297595,1.5614657671236061e-9
3.77409639640387,1.5464952816786018e-9
3.76891857542372,1.5391854853614204e-9
3.7601471188485815,1.526693365927561e-9
3.7399886910109954,1.4982218574610998e-9
3.7369164551274014,1.4939216703721297e-9
3.735986246541323,1.4926245934009613e-9
3.7341716518990795,1.4901985505193233e-9
3.711962676255134,1.4593621737479204e-9
3.7001027864333302,1.4430897340543973e-9
3.688111413685978,1.426795923680321e-9
3.666876490245688,1.4049054413717453e-9
3.6636517820425665,1.4021125795936152e-9
3.662102451149584,1.4007182314060752e-9
3.657564472770327,1.3968523132204686e-9
3.6352311629784757,1.377703938773619e-9
3.627559869222438,1.3711270019486432e-9
3.6118467496806415,1.357788375847597e-9
3.60856576940713,1.355046378677292e-9
3.591823510436511,1.3409108862224344e-9
3.582121947933815,1.3326982989091335e-9
3.5576686513010163,1.3123136750835557e-9
3.556439202997859,1.3112985266699351e-9
3.5558375300588434,1.3108015976638796e-9
3.5539644006638795,1.3093532967599495e-9
3.5299592733395215,1.2887557344040856e-9
3.521403478725744,1.2814493427600272e-9
3.5043201704753675,1.2669605918420585e-9
3.5033716497862497,1.2661604817198735e-9
3.48671290360569,1.2521609603268576e-9
3.4788504746612334,1.2455733857390809e-9
3.456906471747265,1.2273352304393302e-9
3.453574242169625,1.224527871972967e-9
3.4523640774528963,1.223541983477611e-9
3.449794927519696,1.2213796797452073e-9
3.4284899456133617,1.2038189363474315e-9
3.4183536335789695,1.194218401688252e-9
3.412277989030071,1.1882734074590957e-9
3.4047315339612236,1.1808651159184301e-9
3.3932298849487963,1.1695805644605562e-9
3.3846782384619383,1.1612246533019626e-9
3.38129303911533,1.1580014379990664e-9
3.373440016275142,1.1504547868058953e-9
3.357983431416867,1.1356521811323103e-9
3.35133459141952,1.1292494530996054e-9
3.33486675494332,1.1136639071560421e-9
3.334560469802421,1.113347367039638e-9
3.3183194242856064,1.0981200285458982e-9
3.311877195953568,1.0921703580916622e-9
3.297085181231158,1.078390144484668e-9
3.28938797724036,1.0703645023599819e-9
3.285629501089936,1.0665846434228478e-9
3.275092184802424,1.0559918461140519e-9
3.267351555323304,1.048364667056009e-9
3.2532616177409173,1.0343200899811715e-9
3.245501983134701,1.0267359281371617e-9
3.2292575755744943,1.0108396410348214e-9
3.2237985243338803,1.0055534102346457e-9
3.2212126017115845,1.0030157096895583e-9
3.213917794856144,9.959756261144647e-10
3.2022402018251848,9.848079073935434e-10
3.1956525567706566,9.786681216811586e-10
3.1894793117286433,9.726894999606563e-10
3.1808260450470334,9.644904035863559e-10
3.1622138039575325,9.475205101913263e-10
3.1593565401422317,9.449800142295166e-10
3.158058637464581,9.43801750101322e-10
3.154610336199336,9.407807922250887e-10
3.137918178011323,9.260836529325202e-10
3.1269474992328044,9.165243052927837e-10
3.1165951577244804,9.076224885040874e-10
3.097909457558949,8.91484201267805e-10
3.096142847685787,8.899368354728093e-10
3.0954993335465684,8.893748231460234e-10
3.093988349574494,8.881676982059551e-10
3.0746354811379324,8.713288792874574e-10
3.0656416635161934,8.635476567381106e-10
3.0539417782059766,8.535951734391131e-10
3.0410073350262126,8.425589562966407e-10
3.035440957160937,8.377822049281909e-10
3.033460672422341,8.360903385990068e-10
3.0291085923468626,8.325327543328597e-10
3.0131679023312867,8.188539486996293e-10
3.005537768508161,8.12451835116079e-10
2.992750462821497,8.024289838554141e-10
2.985583330584523,7.970736932233608e-10
2.975929166607103,7.898807403451947e-10
2.972047513250547,7.870665142524711e-10
2.962838124127569,7.803827908142793e-10
2.9515234500034184,7.719372001771832e-10
2.9466122493808213,7.683977058410701e-10
2.934437350064558,7.595538318819286e-10
2.931105696534829,7.571584945076487e-10
2.9175841433417475,7.474517436247385e-10
2.9108854722198556,7.425689016654854e-10
2.8957769002319753,7.31499508012869e-10
2.8909933973481694,7.279499623837279e-10
2.8888420033100415,7.26319289595195e-10
2.883191754971302,7.222015401670068e-10
2.8712719583357873,7.135624772885075e-10
2.8603830121347222,7.056951405799064e-10
2.8516850527184223,6.994593520230219e-10
2.8322591453511334,6.856782806098732e-10
2.8322317627519724,6.856349663894347e-10
2.8322043804175494,6.856349663894347e-10
2.8321222350026836,6.855483461568539e-10
2.8129519707571378,6.720201290864047e-10
2.8043033462396165,6.658294875866576e-10
2.7939384796285807,6.584676292044521e-10
2.781016086441459,6.493181351023678e-10
2.776677174890645,6.462694254070705e-10
2.7750736280643085,6.451578723620298e-10
2.7716348318282713,6.427273010439795e-10
2.7564294252000843,6.319774020211163e-10
2.7493231586009417,6.269670452680988e-10
2.74257989486726,6.222715205568829e-10
2.737943570936087,6.190173240013616e-10
2.7296575157991367,6.132762006801416e-10
2.7222386162759986,6.087216632632267e-10
2.7191610300860227,6.069361716060287e-10
2.7114167412168273,6.02466776605276e-10
2.6999330036989067,5.959184241149918e-10
2.695420893233706,5.933078115745982e-10
2.6849587127389243,5.873504327643585e-10
2.6808798230937514,5.850452421909406e-10
2.677758381458726,5.832923489545624e-10
2.668867360944154,5.782842644179335e-10
2.661935362905336,5.744067385456435e-10
2.6444155735861523,5.647281768233408e-10
2.643111996862494,5.63979499737816e-10
2.6425754167719986,5.636411386290155e-10
2.6412855153152397,5.629294628539551e-10
2.6238445569486193,5.545379347290763e-10
2.6165424837213647,5.512460531470224e-10
2.6043335607532656,5.457799662272465e-10
2.602238243129511,5.448584599260692e-10
2.5907660101832652,5.397198841028338e-10
2.5849738969575715,5.371518314149128e-10
2.5673276151142623,5.293535279990434e-10
2.56576434737337,5.286517481466836e-10
2.5652434696855018,5.284514105558047e-10
2.56422682275217,5.279842513711409e-10
2.546685237565891,5.203026072335955e-10
2.5399723606450366,5.174999265724235e-10
2.5275341713468946,5.123684620232014e-10
2.527259274523879,5.122794597318792e-10
2.5149502061228,5.072558351158971e-10
2.508496805229572,5.045951490764767e-10
2.4912581824394326,4.97607308809386e-10
2.4901745535809146,4.971674162856428e-10
2.489602828393705,4.969397676549029e-10
2.487671970004746,4.961947519269794e-10
2.4708571329850746,4.893927995526772e-10
2.465642974642308,4.872950296412678e-10
2.4557818013690103,4.833706491463171e-10
2.4522110950361906,4.82013730458715e-10
2.4479709674596624,4.804025941832817e-10
2.4413530648527,4.779054023333169e-10
2.433535184694945,4.749634046429885e-10
2.4215538321619676,4.70484011098564e-10
2.4173024434449277,4.68918818601598e-10
2.4149781605961493,4.680457690398746e-10
2.4070411044919235,4.651130460404177e-10
2.3965684364531032,4.612216016765411e-10
2.3934887531055975,4.6005762341534914e-10
2.3878260081585947,4.579698601006996e-10
2.378316297664377,4.5447539848856085e-10
2.369909659744033,4.513781358983366e-10
2.3602259851314438,4.4779958153210454e-10
2.354402915508576,4.455844435674332e-10
2.3465628522635,4.426106798519717e-10
2.342414812360991,4.410476553587073e-10
2.3289335931640274,4.3597830238404454e-10
2.324754906562313,4.3437695399437e-10
2.3234460423346834,4.3391757020665217e-10
2.320998816471222,4.3298658310315156e-10
2.307205835574158,4.278341710406439e-10
2.300556964171403,4.2536160792412646e-10
2.291765912045138,4.221026253492928e-10
2.289794773238058,4.213832835086824e-10
2.288068652385761,4.207448977490396e-10
2.2778933743085257,4.1698752236103883e-10
2.272531579810362,4.1500999932939304e-10
2.2582568737908133,4.086685629823334e-10
2.2562054865728793,4.0777886832747905e-10
2.255453051382078,4.0741838552840816e-10
2.253785503120468,4.066983756655883e-10
2.2400020957829865,4.006674047172922e-10
2.2332337959115187,3.9770438265349444e-10
2.223904322327436,3.9369239649586714e-10
2.2184497531484677,3.9131207366021164e-10
2.2112334300841567,3.8820972682861526e-10
2.207948918849351,3.868082670613171e-10
2.199123690986301,3.8306950932372085e-10
2.1920867938813267,3.800685228231941e-10
2.1894497975416956,3.789537125287394e-10
2.1836521772088595,3.764900314906095e-10
2.1764175298833237,3.7335775493674583e-10
2.1707331185371284,3.70877735641013e-10
2.1678807631688746,3.696088854047655e-10
2.16098562429011,3.6662648802344203e-10
2.1484706827460145,3.6120686029356584e-10
2.1465242128842017,3.603806498889393e-10
2.145663138744736,3.6001657912040863e-10
2.1433720831155734,3.590739838235609e-10
2.1304595961895787,3.535146739938206e-10
2.1253780534327382,3.513772716494102e-10
2.1153535556862586,3.4714115798415687e-10
2.11381002523781,3.4649483835736366e-10
2.104440212180931,3.4257718259072163e-10
2.1003546246817986,3.408825500937701e-10
2.0900035617432113,3.3658154126269785e-10
2.085527573124987,3.346680613518389e-10
2.083708636913464,3.3390255475498364e-10
2.0793969036991786,3.3205674247658257e-10
2.0709002916350614,3.2846828928137933e-10
2.0631812956321096,3.252317836611961e-10
2.0563805719743407,3.2237827749404937e-10
2.044980475839789,3.1764785980013865e-10
2.0428561763565662,3.167661635325545e-10
2.0419577190404845,3.1640617536737026e-10
2.0397379546214025,3.1549802832398847e-10
2.027645825563441,3.1053489856547616e-10
2.022731286927251,3.0854038970981897e-10
2.0134245097512755,3.0478219666959486e-10
2.011128818750789,3.0385942047832435e-10
2.0028046548100407,3.005377151411922e-10
1.9992884409646956,2.9915023744830454e-10
1.9893729468803572,2.957351894667177e-10
1.9847718350014592,2.9408643243875875e-10
1.9830743269029352,2.934925371161007e-10
1.9794922752168345,2.922621815631938e-10
1.9703653949086362,2.8910377811851183e-10
1.9635383693446244,2.86775510521159e-10
1.9621720112932295,2.8632296423804777e-10
1.956054068026884,2.8421452106917216e-10
1.9491541344937875,2.818633012865787e-10
1.9441948673249396,2.8018566233406814e-10
1.9418466884016385,2.794079500180915e-10
1.9353429973701501,2.7721029748909393e-10
1.9277657983261294,2.746609771780982e-10
1.9250419248971766,2.737558897446248e-10
1.9192763239186494,2.7183012695739917e-10
1.913768510135836,2.7001170915803896e-10
1.9060776647922644,2.674567729472498e-10
1.899937144705152,2.653824577087131e-10
1.88961898474825,2.6193889076757077e-10
1.8873002282347646,2.6115407811231113e-10
1.886223978827706,2.6081609630843306e-10
1.8832902163045613,2.5984580723235354e-10
1.8726324213902443,2.563080668776666e-10
1.8687077747606848,2.5502407245331073e-10
1.8602670394926537,2.5227207592547075e-10
1.8591028520388135,2.5190978090009086e-10
1.8502984820370851,2.4906155432767015e-10
1.8456710323817398,2.4758697018857367e-10
1.8330627282063654,2.435690309768879e-10
1.8323362561879162,2.4333833957590306e-10
1.8320705456834654,2.4325380748486664e-10
1.8314993985678398,2.430733145659479e-10
1.8190890286865127,2.3917017041592176e-10
1.8140221790949063,2.378142339199783e-10
1.8053265747459428,2.3559372432403184e-10
1.8045718390843688,2.3539660841494274e-10
1.796151613266958,2.3325392261736085e-10
1.7916249368688775,2.3210741260404158e-10
1.7792654173351343,2.2899071726695145e-10
1.7784570966222506,2.2878828594661208e-10
1.778018693316859,2.2867991421894248e-10
1.7765667173637745,2.2831183417160495e-10
1.7645584300303814,2.252674500009564e-10
1.7609368948388153,2.243514457277967e-10
1.754156998211595,2.2262902176983113e-10
1.7512296952384951,2.2188137758523923e-10
1.7479143287394892,2.2104546046251433e-10
1.7435892906800938,2.199554847685925e-10
1.7379848369278463,2.1856000879840718e-10
1.7293443814851301,2.163962125981263e-10
1.7264125838266247,2.1565928180820783e-10
1.7248609969728501,2.152713584341267e-10
1.719882004183468,2.140103502228437e-10
1.7118693584529383,2.1200540480581832e-10
1.7094050907093876,2.1137020121238412e-10
1.704701435946583,2.1019178850682077e-10
1.6990002119725047,2.0876921659575908e-10
1.692565144344788,2.0716642282198355e-10
1.6862115079283955,2.0559541510407063e-10
1.6804624512115267,2.0420717632704073e-10
1.6758910941712692,2.032002302524407e-10
1.6733087421292583,2.0263620666765085e-10
1.6640725280288178,2.0060471314894538e-10
1.6603923329789292,1.9980792734727178e-10
1.6593813058875324,1.995808560958694e-10
1.657577431328254,1.9918410217334912e-10
1.6475875734741128,1.9700978918795547e-10
1.6430341612923511,1.9601666245054805e-10
1.6350317295353372,1.943060647569624e-10
1.6348618050898218,1.9426617614145906e-10
1.626848058125965,1.9262560515518288e-10
1.6221088617087227,1.916576059172616e-10
1.6131747525938798,1.898410828404366e-10
1.6108214099130331,1.8936796492641277e-10
1.609455399252786,1.8908406309078145e-10
1.604231686552488,1.8803880698137918e-10
1.596900641708648,1.8654507732061023e-10
1.5949526458071377,1.8615953704780604e-10
1.591617652007128,1.8548456088057164e-10
1.5844553081489772,1.8403146516371039e-10
1.5792402104368168,1.8296501066647078e-10
1.572148765277374,1.8152018590303006e-10
1.570211986772003,1.811250061564708e-10
1.563682563753117,1.798025844797467e-10
1.559922726280183,1.7905448621846128e-10
1.549082973694997,1.7685953704697764e-10
1.5482781808786432,1.7670039984642042e-10
1.547814211426093,1.7660554409025475e-10
1.5460045639705404,1.76260030863418e-10
1.535818246484147,1.741763419813595e-10
1.5330255519581009,1.736188314744065e-10
1.528138546168455,1.7262089614224554e-10
1.523926303539039,1.717724148660704e-10
1.5182754354178198,1.7065028549530547e-10
1.5179231820103072,1.7057484007776236e-10
1.512130095574083,1.6939899066263288e-10
1.5074372190413197,1.6845457218849655e-10
1.5029695907816605,1.6754716875596602e-10
1.5004469578233686,1.670425313426982e-10
1.4905247833578197,1.652190788630646e-10
1.4886381857315432,1.648750100089113e-10
1.4881633126010545,1.64791707340623e-10
1.4873542189104363,1.6463302819724853e-10
1.4769116413781282,1.6274332455842413e-10
1.4735028962362204,1.6211228182952902e-10
1.4677729040270955,1.6106597679327448e-10
1.46530580462396,1.6061890540213467e-10
1.4589869047514854,1.594512382758089e-10
1.4538087380792626,1.5850970080347112e-10
1.4483548582312327,1.5750903377380692e-10
1.4446139153669317,1.568289215994961e-10
1.4424123387595251,1.5642078249450606e-10
1.433934102208958,1.5486973357852234e-10
1.431108734798709,1.5435695519782356e-10
1.430382519318943,1.5422293689157802e-10
1.4291522529649583,1.5400145299317063e-10
1.419917736404707,1.5230351998397632e-10
1.4162913217221256,1.5164588482712278e-10
1.4101292545970656,1.5051967634911513e-10
1.4088142494918452,1.50277401946551e-10
1.4069562583924027,1.499407671739037e-10
1.4023389414325882,1.4908599321380068e-10
1.397824618256765,1.4825950483304712e-10
1.391285482009631,1.4706551213136456e-10
1.388524010912571,1.4656005564498955e-10
1.3869207130105627,1.46268703668154e-10
1.3809198098931335,1.451686726722476e-10
1.3761284740372846,1.4428640377301685e-10
1.374845176096405,1.4404961234579856e-10
1.3726271661413945,1.436452360948227e-10
1.3654202142136174,1.423309689062548e-10
1.3613010962577967,1.4157769877017884e-10
1.3548182024129771,1.4038651428194478e-10
1.3541732500379766,1.402734866796325e-10
1.3478904438784132,1.3912622971283355e-10
1.3442855147079082,1.3847737142584347e-10
1.3360966023361316,1.3706744225320384e-10
1.33461190451777,1.3682520990974738e-10
1.333715430558908,1.3667403213002285e-10
1.3299748125864312,1.360752875237377e-10
1.3231548999654714,1.3494318468695518e-10
1.3214641766843933,1.3466854570298554e-10
1.3186787270446698,1.342120556135731e-10
1.312630397953646,1.3326582300080862e-10
1.3084459717082575,1.3262125521540735e-10
1.302148692718993,1.3163633444318938e-10
1.3017207241260822,1.3156982552893895e-10
1.2955560136144746,1.3061333936871956e-10
1.2917413201032786,1.300329308939476e-10
1.2849901160648973,1.2898572403432262e-10
1.2827930389982305,1.2864395024677988e-10
1.2814357115585047,1.284368867123282e-10
1.275693865971232,1.2755151324193203e-10
1.2712153945013356,1.268584291350244e-10
1.2701557969009538,1.26696251698297e-10
1.2684346844924603,1.2642641657219818e-10
1.2611040243380678,1.252815620328476e-10
1.2576430486877022,1.2474257570060328e-10
1.2520259700972112,1.2387484313024123e-10
1.2510730809907595,1.2372429559792546e-10
1.2452535679257584,1.2283066430727896e-10
1.2411219247367402,1.2218638619136445e-10
1.2358205608642934,1.213690157917819e-10
1.232986140264423,1.2093659627115937e-10
1.2312499209417556,1.206675932027338e-10
1.2241016164045297,1.1956166932565703e-10
1.2214830110872026,1.1915074211093094e-10
1.2208395633159883,1.1905669203883492e-10
1.2197747827210002,1.1888195631612853e-10
1.211811151249348,1.176418105742794e-10
1.2088126465378883,1.1718009848955606e-10
1.203887873076473,1.1641460171123535e-10
1.2022042512857076,1.1615932600106745e-10
1.199591895794932,1.1575643612889756e-10
1.196904211116007,1.1534037019239288e-10
1.192687925922144,1.146864666678542e-10
1.188205009932103,1.1399665585262337e-10
1.1851130898491387,1.1352235399382339e-10
1.1832412093336477,1.1323585927690677e-10
1.1749820599841367,1.1207231030512254e-10
1.1737359707180972,1.1188661906264426e-10
1.1734381270345828,1.1184245222927086e-10
1.172973074774475,1.1178241331375664e-10
1.1642733201606934,1.1057440905752107e-10
1.161878178354871,1.1023962758682808e-10
1.1580987426094898,1.0971162866453697e-10
1.1549009145434685,1.0926895994695152e-10
1.1504321107656053,1.0864947729822406e-10
1.1455984189076776,1.0798233372859421e-10
1.1434130300830214,1.076792055870205e-10
1.1390988023844035,1.0708564646244917e-10
1.136373599668535,1.0670917207993254e-10
1.1293993457708216,1.0598194607866573e-10
1.1278771423809384,1.0582138592404238e-10
1.126798113807737,1.0571114194103684e-10
1.120443075398539,1.0505208573925709e-10
1.1172952127073037,1.047274079371626e-10
1.1167660308680607,1.0466457643018736e-10
1.116021281376739,1.0459517493622376e-10
1.1078858436778993,1.0374463592918956e-10
1.105764378793993,1.0353022268488095e-10
1.102785691077257,1.0321676859991644e-10
1.0985450952574436,1.0277757879587055e-10
1.0948711078355873,1.0239845954024858e-10
1.0897070698728084,1.0185652757600646e-10
1.089285732903835,1.0181792807941651e-10
1.0883067540438502,1.0170864225692266e-10
1.0840851502926334,1.0126627333980868e-10
1.08013574372164,1.0084812366646066e-10
1.0767419149162978,1.0048881699327814e-10
1.0734054489832083,1.0013711612609396e-10
1.0710522592028766,9.989386681682575e-11
1.0639310172346945,9.913947177487772e-11
1.062830957140058,9.902680495420564e-11
1.062055431016073,9.894238887287563e-11
1.0575879529279055,9.847160898282826e-11
1.053123994276036,9.800616468874138e-11
1.0523606383079973,9.792261865922953e-11
1.0512725415003887,9.780824531409487e-11
1.0442777633339966,9.707266689709545e-11
1.041993466242324,9.682768601672594e-11
1.0387445885324784,9.648270355726427e-11
1.0355283666165809,9.613439536730653e-11
1.0317284248082297,9.573290046582973e-11
1.026842348288391,9.521120733376747e-11
1.0263336809749641,9.515558787604055e-11
1.0215645078812048,9.464750356753347e-11
1.018236571663508,9.429241718747769e-11
1.0140759609001033,9.3849690901345e-11
1.0115007192484244,9.357736832422884e-11
1.009693156546647,9.338839271969807e-11
1.0019719027582075,9.25661013827498e-11
1.0015360725111033,9.251933260173311e-11
1.001231104139676,9.24871927726382e-11
0.999408074252419,9.230333417400683e-11
0.9926576076278969,9.17046933999747e-11
0.9916695909878155,9.161204969611799e-11
0.9903378069936654,9.149637666942812e-11
0.9841337383867733,9.094317595561113e-11
0.981900307618764,9.074805381772237e-11
0.9789003121690113,9.047615749538692e-11
0.9756830629098251,9.018798216597636e-11
0.9722272648709961,8.988084970676722e-11
0.9675855551201987,8.946166251040373e-11
0.9673049526882189,8.94390595193263e-11
0.9665477325255292,8.936563923087391e-11
0.9626495146445506,8.901490342197618e-11
0.9590126923399073,8.86879516643489e-11
0.9563877114202548,8.845016115676547e-11
0.9531661181795298,8.816008456830894e-11
0.9507938158283379,8.794176272899078e-11
0.9453080357840804,8.744319116634787e-11
0.9437761459640874,8.730658020037353e-11
0.9426476546829891,8.720047479695247e-11
0.9351294016663476,8.652144092744641e-11
0.9345712877877725,8.646543540691631e-11
0.9344786776433233,8.646133886564243e-11
0.9343499422023274,8.644358942943092e-11
0.9265708358144024,8.573252987773883e-11
0.925272801929074,8.56134631563885e-11
0.9235121792803912,8.545136589271674e-11
0.9186455333605028,8.500180927477339e-11
0.9161576165105949,8.477390206760893e-11
0.912789095026339,8.446386143355698e-11
0.9107902203580462,8.42759858144536e-11
0.9071322279661187,8.394522550982519e-11
0.9029584271407743,8.358275633280935e-11
0.9022428552898399,8.351941938062055e-11
0.8981957516752883,8.31614154926284e-11
0.8951983061725322,8.28926108705318e-11
0.8918400212247644,8.259858145137358e-11
0.8893473117324506,8.237711778871816e-11
0.8874962960143212,8.221335736976818e-11
0.8815486085427822,8.168273594557661e-11
0.8805860408608048,8.160021681903515e-11
0.8798733116162963,8.153194377412997e-11
0.8750526025297839,8.110172625020581e-11
0.8723179118497102,8.085490102795265e-11
0.8719110803273967,8.082043102194834e-11
0.8713675293426487,8.077194257393343e-11
0.8648273896795681,8.018348045707102e-11
0.86332157985895,8.005062542738766e-11
0.8612998686824571,7.986878212200219e-11
0.8573514525041679,7.954778076036746e-11
0.8548166975585276,7.937585429772156e-11
0.8516448949858344,7.91555304632892e-11
0.8497614318110035,7.90256266709665e-11
0.8463955998230133,7.87938300952221e-11
0.8422365688603197,7.85081398841124e-11
0.842191784227543,7.850566016973496e-11
0.8380574612614055,7.82185441580613e-11
0.8347823759622638,7.79915783010739e-11
0.8328355493352277,7.785620686051534e-11
0.8298014646139181,7.76474584724817e-11
0.8273901565255981,7.748086281602283e-11
0.823591219054308,7.721700406936069e-11
0.8216268006718764,7.708054237179828e-11
0.8200633971534634,7.697349167035304e-11
0.814721205387288,7.675013856796122e-11
0.8135326681984028,7.671378379970364e-11
0.8124499355734834,7.668592347318335e-11
0.8063364163132247,7.65274335667181e-11
0.805518273849884,7.650205726882253e-11
0.8047729295111652,7.648272859473626e-11
0.7980379201788217,7.630537478603538e-11
0.7975828320982115,7.629573468651398e-11
0.7971684650535665,7.628007212225352e-11
0.7897942848739459,7.60647373112295e-11
0.7897255651537884,7.60647373112295e-11
0.7896568514129095,7.60647373112295e-11
0.788321938630798,7.602150322807216e-11
0.782236816115643,7.583683465696569e-11
0.7819457028892951,7.582725375082959e-11
0.7816244699392744,7.581767405510542e-11
0.7748790117224281,7.561439138977092e-11
0.7742424827642045,7.559528698945074e-11
0.7735372957891131,7.557021978893503e-11
0.7676275224634357,7.53687908867391e-11
0.766615149750043,7.533784951452241e-11
0.7654875398430152,7.529383946094099e-11
0.7604512463735207,7.511924253630892e-11
0.7590629562563856,7.50718032815198e-11
0.7575160601994334,7.501491571973331e-11
0.753347521323683,7.486697324820529e-11
0.7515851620575821,7.480669655765662e-11
0.74962215672236,7.47334843679375e-11
0.7463444295902913,7.459316487924657e-11
0.7441810342202032,7.450486360854203e-11
0.7417316266610031,7.440139005133803e-11
0.739435033697037,7.430158044458405e-11
0.7368498470312029,7.419487385458947e-11
0.7339188306430641,7.406726215780041e-11
0.7325896025762348,7.401113581251228e-11
0.729590881926788,7.388617386405504e-11
0.72607951238547,7.36624718143594e-11
0.7259215828909416,7.364618672490654e-11
0.7224034274219875,7.328187985438799e-11
0.719733382765576,7.300464432769214e-11
0.7176106983627875,7.278591022298029e-11
0.715286779040918,7.254491386869356e-11
0.7135944850669371,7.237097636680763e-11
0.7092389482568124,7.191864363683323e-11
0.7082402392477332,7.181535924942687e-11
0.7075079485146016,7.174280853661196e-11
0.7028378249605078,7.125950605818508e-11
0.7014818039948607,7.111447733081837e-11
0.7012631173782566,7.109314146349677e-11
0.7009716412698079,7.106620004367033e-11
0.6954985814081384,7.049721569966386e-11
0.6943547295722855,7.038040972378167e-11
0.6927923302997079,7.021831537054006e-11
0.6895680588629826,6.988420810705004e-11
0.6875143987065627,6.967262264014373e-11
0.6847117698355059,6.938273822047841e-11
0.6812154884914104,7.125950605818508e-11
0.6811348135487204,7.15289847488869e-11
0.6807414543284084,7.297928360873948e-11
0.6800688267837135,7.553203813271429e-11
0.6799521303075674,7.602150322807216e-11
0.6797615143585058,7.674044227885771e-11
0.6790045083048677,7.975911869167985e-11
0.6786911151031891,8.110172625020581e-11
0.6782024449431618,8.310627241870473e-11
0.6779402168908687,8.422143378199633e-11
0.6774324385330687,8.652144092744641e-11
0.6768792297201993,8.893480832066e-11
0.6766453158563777,9.000158700751194e-11
0.6761760962600577,9.230333417400683e-11
0.6758199030112466,9.391196250001584e-11
0.6750982888094946,9.746284767678465e-11
0.6749220839550512,9.847160898282826e-11
0.6747622341653616,9.916765850335478e-11
0.6740352325900066,1.0293352065770944e-10
0.6737029638464298,1.0471417711773565e-10
0.6736703972969729,1.0505208573925709e-10
0.6735499147515321,1.0554765817346708e-10
0.6726486080438472,1.1057440905752107e-10
0.6724210319727598,1.1207231030512254e-10
0.6720034677112999,1.1430493107281209e-10
0.6715959023247852,1.167626034502752e-10
0.6711739836773484,1.1956166932565703e-10
0.6705448441068369,1.2329711441092958e-10
0.6704670534100602,1.2378097382799554e-10
0.6699292481136588,1.2755151324193203e-10
0.6694954308116371,1.3019732322546254e-10
0.668929301338359,1.3404894506369058e-10
0.6686868209925806,1.360752875237377e-10
0.6684476598648558,1.3748369583556876e-10
0.6674015286961913,1.4515950238340122e-10
0.6674466980329576,1.451686726722476e-10
0.6674015286961913,1.4517784354041673e-10
0.6673950761833379,1.4517784354041673e-10
0.6663489817308866,1.5329048205696072e-10
0.6661541285982375,1.5486973357852234e-10
0.6658675887048794,1.5720584660750172e-10
0.6653061350267223,1.6186924191299512e-10
0.6649154884183966,1.652190788630646e-10
0.6643419914906997,1.7024381402771845e-10
0.6642649203941574,1.7092810411902583e-10
0.6640995688430051,1.7240293811605876e-10
0.6636823596389589,1.76260030863418e-10
0.6632253352789741,1.8049393715841572e-10
0.6628230937681676,1.843572704236171e-10
0.662445113121008,1.8803880698137918e-10
0.662185776599686,1.9059210314500545e-10
0.6612996767441126,1.9965651782577894e-10
0.661216565812341,2.0060471314894538e-10
0.6611494453774522,2.0125841367777537e-10
0.6608203342757535,2.0474970211206766e-10
0.6606031468299508,2.0719914313857268e-10
0.6601147360299854,2.1252165440074798e-10
0.6552282722995874,2.1205898269783716e-10
0.6543103624461841,2.0923792820160998e-10
0.652595111977269,2.0407499256907843e-10
0.6514068744280224,2.0060471314894538e-10
0.6499741045254284,1.963884969354081e-10
0.6478645226219779,1.9039955947350346e-10
0.6473573650003226,1.8900345290256613e-10
0.647013225042731,1.8803880698137918e-10
0.6451705032393952,1.829881286155811e-10
0.6447589522351475,1.8188175514971176e-10
0.6426243577573937,1.76260030863418e-10
0.642167864880924,1.7503393328787737e-10
0.641482183016359,1.73268215463043e-10
0.6395887362170795,1.6844127072288217e-10
0.6382652613566425,1.652190788630646e-10
0.6370138072864974,1.621071614412915e-10
0.635162718066504,1.56655641776431e-10
0.6347882364039309,1.5546767309437973e-10
0.6345980106717809,1.5486973357852234e-10
0.634023078040836,1.530630851488207e-10
0.6326805349505976,1.4893067646417917e-10
0.6313911939061443,1.451686726722476e-10
0.6305798317451234,1.426685429234732e-10
0.6289055083722271,1.378489545466155e-10
0.6284861035510707,1.366697152201718e-10
0.6282734689057764,1.360752875237377e-10
0.6276329624795262,1.3428626236890108e-10
0.6263993272091547,1.3092312205348584e-10
0.6251348743414425,1.2755151324193203e-10
0.6243194796369863,1.2541815764098436e-10
0.6227099406352699,1.212923689105135e-10
0.622246537828818,1.2014466214480352e-10
0.621987904521508,1.1956166932565703e-10
0.621308752572686,1.1781472349923604e-10
0.6201804788552883,1.1509290292087547e-10
0.6188926770286226,1.1207231030512254e-10
0.6181212798631689,1.1025355655658643e-10
0.6165754075991894,1.0673108264213291e-10
0.6160689180751113,1.0561769166369322e-10
0.6158188062663464,1.0505208573925709e-10
0.6150452940353709,1.0336031707666806e-10
0.6140233707893955,1.0117675239475602e-10
0.6131987549045453,9.847160898282826e-11
0.612690596443192,9.619514446185974e-11
0.6121621440596798,9.395646750894899e-11
0.611753905061722,9.230333417400683e-11
0.6115203255735927,9.130295146195951e-11
0.6110209422932636,8.936563923087391e-11
0.6105013079898378,8.723353277105446e-11
0.6103508147382002,8.666092916811442e-11
0.6103154099530501,8.652144092744641e-11
0.6102593565766884,8.62976362664626e-11
0.6091864853993726,8.225231839354792e-11
0.6088508643157068,8.110172625020581e-11
0.6083624835401236,7.926311219043294e-11
0.608021437950163,7.807044815179124e-11
0.6074162591920446,7.602150322807216e-11
0.6068659526639698,7.409534128970789e-11
0.6064715065660738,7.280200508289906e-11
0.6059967519898749,7.125950605818508e-11
0.6057068071665895,7.032707718437661e-11
0.6045864073277709,6.686757304402476e-11
0.6045338024792448,6.679580103043022e-11
0.6045513369201639,6.674940137135445e-11
0.6044870464564289,6.655571539511091e-11
0.6033951540272796,6.335573003537648e-11
0.6031326937144135,6.261170308497139e-11
0.602714451435275,6.142173429173577e-11
0.6022411822929855,6.013459964957943e-11
0.6016999272592806,5.868969759663e-11
0.6010966818174344,5.707273097359934e-11
0.6008410302753131,5.641496136770579e-11
0.6002473508036483,5.5013367058700334e-11
0.5999485559270952,5.4170185148483026e-11
0.5989748800265824,5.181713226892852e-11
0.5988561766115208,5.1567322359300705e-11
0.5988040703483337,5.141444199873481e-11
0.5985320335131851,5.0781769219203584e-11
0.5976588788980043,4.8800430270064814e-11
0.5974451214752696,4.833713836258408e-11
0.5971130826001971,4.759327539095961e-11
0.5965158775855227,4.6319320058011524e-11
0.5960402724373948,4.5309293525150225e-11
0.5953822574917074,4.396088288532281e-11
0.5952599497375272,4.3715105609426935e-11
0.5946099821867418,4.247111329489303e-11
0.5942450464487051,4.1725165846545655e-11
0.5934096994525696,4.0151682829848755e-11
0.5932089321480192,3.981071705535181e-11
0.5931114411100606,3.960252514228077e-11
0.5926356854815584,3.8742634211812574e-11
0.5919771366103322,3.758905458454507e-11
0.5918226268938668,3.731696839347627e-11
0.5915652003123321,3.687873131252624e-11
0.5908421452427634,3.5679079784305435e-11
0.590351086823894,3.497942848262522e-11
0.5895782122796013,3.391539631756252e-11
0.5894756187614955,3.377855316632097e-11
0.5887295034902028,3.278831238565992e-11
0.5883141391650346,3.2239913326364736e-11
0.5872642348883211,3.089455641998706e-11
0.587115212495484,3.0734448095217564e-11
0.5870612899016301,3.0644298353596056e-11
0.5867974244330227,3.0319836198279995e-11
0.5858054449662655,2.91294935244661e-11
0.5855336523500246,2.8809238139708138e-11
0.5850540763570725,2.8254562733750685e-11
0.5845494607763384,2.7690442938547296e-11
0.5839224788677254,2.7004623594316698e-11
0.5833046286150777,2.6319989956615495e-11
0.5828522357182531,2.584016110873762e-11
0.5823213686912151,2.5313050346360773e-11
0.5820568199514478,2.5018943757780006e-11
0.5810166781324274,2.3979837386269597e-11
0.5808088729243588,2.3782961894811356e-11
0.580752722113899,2.3727437473790432e-11
0.580658681667622,2.363207431017605e-11
0.579570605716165,2.2606254640307913e-11
0.5791547039950637,2.2241147604463747e-11
0.5784733830187517,2.1612672376598703e-11
0.5783321827462731,2.148844593639143e-11
0.5775666670143015,2.0847959132121177e-11
0.577092221451449,2.042687716282947e-11
0.5762963087025841,1.976583185747086e-11
0.5760163975559399,1.954204017275466e-11
0.5758618780334345,1.9416218580830222e-11
0.5752928799819097,1.8966755768441064e-11
0.5752261395776284,1.8920084821870182e-11
0.5746313798504555,1.8456147199165044e-11
0.5744480733863045,1.8317924152353293e-11
0.574127427766989,1.8076807079203712e-11
0.5733993531864328,1.7544379563436856e-11
0.572850787866067,1.717048692383626e-11
0.5721768828535068,1.6676338030201094e-11
0.5719680918442559,1.653237350494625e-11
0.571313176484825,1.6094925317384063e-11
0.5709514987143874,1.5852245886694312e-11
0.5698155000760344,1.5119653377871644e-11
0.5697576578105059,1.508673703437962e-11
0.5697301159382901,1.506863980295775e-11
0.5696254689653606,1.5000731405603934e-11
0.568515468309829,1.4323090201101526e-11
0.5681734142573847,1.4141701800795642e-11
0.5651178329386903,1.3962169497906658e-11
0.5640138895934368,1.3903858007564972e-11
0.5618423433676931,1.3789706738133472e-11
0.5609169535215854,1.3741444135755069e-11
0.5584575918491139,1.3611848180464494e-11
0.5567486475886032,1.3523994594399197e-11
0.5536273697188326,1.3361374832259102e-11
0.5529560311337777,1.3327233964659869e-11
0.5526166600781799,1.3309145262256526e-11
0.5515464691460211,1.325586370113659e-11
0.5475086682138448,1.3047334437231547e-11
0.5445102569942605,1.325586370113659e-11
0.5437080257578465,1.3512465972142672e-11
0.5421149691679106,1.4055311038004812e-11
0.5419459650857767,1.4112920335298334e-11
0.5419053595542269,1.4141701800795642e-11
0.5416303699247829,1.4224579317717988e-11
0.5401948376021508,1.4740988316135703e-11
0.5392607846438832,1.508673703437962e-11
0.538446765434029,1.53965209156102e-11
0.536774405334416,1.6053292639222387e-11
0.536706944510606,1.6081713035571475e-11
0.5366706229634429,1.6094925317384063e-11
0.5365720482969786,1.6134627327529478e-11
0.5349688661327678,1.6796602470193965e-11
0.5341238853410734,1.715639171633306e-11
0.5341032297620446,1.717048692383626e-11
0.5332351275173034,1.754299422875311e-11
0.5315558274762958,1.8302308911855963e-11
0.5315275628135941,1.8317924152353293e-11
0.5315121463583192,1.8323710955080585e-11
0.5314864532598318,1.833529004542713e-11
0.5297908908787834,1.913826518421571e-11
0.5289847736376411,1.954204017275466e-11
0.5280803150739174,1.9990292035155274e-11
0.5265915926626495,2.0759906281256148e-11
0.5264541489800417,2.0847959132121177e-11
0.526370173279071,2.0878931730400277e-11
0.5262505946473524,2.094167649000276e-11
0.524664301492476,2.1806730230051933e-11
0.5238925757257473,2.2241147604463747e-11
0.5229690142549829,2.2777196207245764e-11
0.5210663163060949,2.3443606973741365e-11
0.5206080824852853,2.3591428252777474e-11
0.5202206609415742,2.3727437473790432e-11
0.5181500924087328,2.4401602545670007e-11
0.5159331101007988,2.515920918590832e-11
0.5157024609695496,2.523920115191507e-11
0.5154943419281806,2.5313050346360773e-11
0.5132713539886036,2.6107199986016573e-11
0.5108504729020217,2.6999506280417536e-11
0.5108455339423388,2.7002917715258983e-11
0.5108405950304062,2.7004623594316698e-11
0.5106875124421841,2.7060978101263723e-11
0.5084311787924706,2.7929366823236454e-11
0.5062484385145352,2.8809238139708138e-11
0.5060306805402808,2.8888514136171634e-11
0.5058179065368249,2.8975329060332972e-11
0.5036402986393073,2.988012848328925e-11
0.5016684606785089,3.0734448095217564e-11
0.5008349177399452,3.1095742471539483e-11
0.4986172943612831,3.185123725529344e-11
0.49711309555940064,3.226945836859622e-11
0.4959010181054475,3.2613753894890676e-11
0.4956589574847354,3.2683878433289386e-11
0.4953260177392127,3.278831238565992e-11
0.4934523254141696,3.332498101209302e-11
0.49272293636160863,3.354040489810579e-11
0.4910157240388548,3.4048491759172636e-11
0.48921272597815957,3.41486559952491e-11
0.48785008387447926,3.420370981653195e-11
0.4861785567097474,3.426967508487398e-11
0.4847845249981837,3.432926102504245e-11
0.4825831454207999,3.44177471154334e-11
0.48138904200483157,3.4360720770498126e-11
0.4790293746850679,3.387417826961928e-11
0.4790050608084838,3.3869363846570943e-11
0.4789749596234726,3.38661546113544e-11
0.47664671048146917,3.338819694992535e-11
0.4757305411689475,3.32031027218321e-11
0.4736698692207067,3.278831238565992e-11
0.4725126676408027,3.2534529792834594e-11
0.4719510973216653,3.2363366780666867e-11
0.4698749955338179,3.1744774139168926e-11
0.46972510618380237,3.1698683955608416e-11
0.46907160291314254,3.150304852835326e-11
0.4673017422865095,3.098299570925402e-11
0.46695398978618086,3.088431186544583e-11
0.4664441202053286,3.0734448095217564e-11
0.46420483140495594,3.008848581278111e-11
0.46269818967106535,2.967930678277119e-11
0.46140493960152307,2.9340956266373704e-11
0.45935524464115446,2.8809238139708138e-11
0.4586053082787757,2.8618777452228697e-11
0.458139988259705,2.849700387384838e-11
0.4560959778608794,2.7979696111316524e-11
0.455827071051295,2.791261051998276e-11
0.4536266912818833,2.7381684036261177e-11
0.45301529364844534,2.7243652912814378e-11
0.45195443046182043,2.7004623594316698e-11
0.4501795109786197,2.6606690398888904e-11
0.44915785636834776,2.6379081449890626e-11
0.4473658049085087,2.5982978761131214e-11
0.4453515642446095,2.5543963972068774e-11
0.44473304550777953,2.541078198648982e-11
0.44456538687755226,2.5375491082297513e-11
0.44426891488916365,2.5313050346360773e-11
0.4417857023173168,2.478103247096235e-11
0.4403518250038625,2.4478799157732025e-11
0.43902127571277694,2.4201264344198377e-11
0.4367225365513143,2.3727437473790432e-11
0.43607700177366415,2.370496451911859e-11
0.4360137654327745,2.371694744488575e-11
0.43599479631872196,2.3720693351284836e-11
0.43598004313390387,2.3727437473790432e-11
0.43315247345852925,2.4247173016185262e-11
0.43176853157675305,2.45074237602443e-11
0.43171844160109696,2.4518263417591507e-11
0.4303255598223076,2.4784163597757898e-11
0.4295866738610805,2.4927442847750205e-11
0.42763077662298055,2.5313050346360773e-11
0.42752122899577916,2.5334647040569204e-11
0.4274654325041403,2.5344251484899354e-11
0.42729602113005594,2.537869731997823e-11
0.42340575570037214,2.5372285249679252e-11
0.42325432128467927,2.53698811410071e-11
0.4231090770149075,2.53698811410071e-11
0.41919714710020084,2.5357463541327807e-11
0.4190846951920946,2.5357063074805886e-11
0.41897328612367757,2.5357063074805886e-11
0.4149762053365745,2.53210469745574e-11
0.4149561455419174,2.53210469745574e-11
0.4149360867169434,2.53210469745574e-11
0.4142526607595299,2.5313050346360773e-11
0.4109516952785766,2.5279492076140124e-11
0.41086826767577217,2.5277495963536997e-11
0.4107788997529414,2.527709675993073e-11
0.4079796548271695,2.484686928109264e-11
0.4068206609217145,2.442319302440148e-11
0.4058875959620548,2.408611179232693e-11
0.4048783748978014,2.3727437473790432e-11
0.40380528884839617,2.334901580267804e-11
0.40281292855495904,2.300349748432429e-11
0.4017336645024759,2.2634476816111943e-11
0.4005449729556365,2.2241147604463747e-11
0.3996746001730713,2.1941111489620026e-11
0.3988446777589949,2.1666327411924714e-11
0.3976241673158748,2.12696579388401e-11
0.39629243255724467,2.0847959132121177e-11
0.395584253703334,2.0618752566354153e-11
0.3949155195870836,2.040881948885974e-11
0.39355480536903487,1.9987766545892937e-11
0.3920850408963503,1.954204017275466e-11
0.3915357686234254,1.9376090294863028e-11
0.3910250689241371,1.9222475427392416e-11
0.38952709005239394,1.8783132885441383e-11
0.38790731694551783,1.8317924152353293e-11
0.3875333999056811,1.8206883713001717e-11
0.3871729444489703,1.8105092347864496e-11
0.3855452545091921,1.7649706984579635e-11
0.38378894910290035,1.717048692383626e-11
0.3835673088067644,1.7109581274420067e-11
0.38335876859692647,1.705320025093952e-11
0.3816004328136532,1.658572283829647e-11
0.379706963297507,1.6094925317384063e-11
0.37964272505483465,1.607815773625978e-11
0.37958216752286966,1.6061914946183915e-11
0.3779891303353472,1.5658662139914742e-11
0.3776968866495657,1.5585633116461486e-11
0.3758427710645434,1.5128252054873442e-11
0.37575920508032973,1.5108673291424787e-11
0.37567020957798364,1.508673703437962e-11
0.3738314643128226,1.4646309644355264e-11
0.3721402127062886,1.425021229947623e-11
0.3719136133481904,1.419809549525993e-11
0.37165121840091253,1.4141701800795642e-11
0.3700056014492167,1.3763597833684598e-11
0.36847412954312,1.3421861852976249e-11
0.36810737813897954,1.3342396900390709e-11
0.3677054397067022,1.325586370113659e-11
0.3662233190543359,1.293306448395596e-11
0.3648441622451557,1.2641662581195342e-11
0.3643444998195499,1.2537279973479988e-11
0.36380155289588345,1.2425514618984852e-11
0.36310755067401473,1.2044121090331613e-11
0.3630742016812386,1.2023215884182692e-11
0.36248495682552156,1.1647178714833107e-11
0.36217406033422744,1.145436419779323e-11
0.36130234815104084,1.0927948057599733e-11
0.36127789707878866,1.0917597876227389e-11
0.3612744042035489,1.0912771146943291e-11
0.36124995502239843,1.0896582728818724e-11
0.3603795960037906,1.0396293490912358e-11
0.36008530072481143,1.0233718079315333e-11
0.3595043823817524,9.914901711700275e-12
0.35948352851359766,9.904885286325611e-12
0.3588827619801869,9.592676604708852e-12
0.3585948894453646,9.435810626058335e-12
0.3577196870009504,8.996477509116912e-12
0.35770498871709383,8.991790054146704e-12
0.3577058533053084,8.989376257850218e-12
0.35769115558986225,8.982422469879507e-12
0.3571106470536158,8.705612567621864e-12
0.35681729639538295,8.564334445955966e-12
0.3565035057166508,8.428543117794966e-12
0.35594041011693883,8.162611911732542e-12
0.3559326673021372,8.159132032615336e-12
0.3553335406424988,7.900578045165461e-12
0.35504851506342733,7.7733463937509e-12
0.3543969072929984,7.437095883520731e-12
0.3543592192752493,7.405684775577239e-12
0.354333525197454,7.383029692764556e-12
0.35416741513304334,7.246258047751011e-12
0.3538397047800969,6.983907802421273e-12
0.3537858284708028,6.941791686847152e-12
0.35370973147403095,6.883385916378011e-12
0.3533431563861376,6.606779537195272e-12
0.35320995056705523,6.506956923483712e-12
0.35302218154799253,6.370699782000647e-12
0.35285156906128784,6.2495225373397286e-12
0.35260944099562147,6.09936026808416e-12
0.35241858395653486,5.951584030642254e-12
0.3523589623200975,5.911770686709983e-12
0.3523334132780598,5.895920022375893e-12
0.35205079420707586,5.717295521908307e-12
0.35186789377179856,5.592184122664595e-12
0.3516502385752433,5.45695436521662e-12
0.35146584722210855,5.35916336273414e-12
0.3513741124488494,5.290208386920529e-12
0.3509649953468368,5.050351723894887e-12
0.3509090122539928,5.023464650098335e-12
0.3508835683457508,5.004302117725804e-12
0.3506783882737315,4.888535564783964e-12
0.35039455599483754,4.733772727463002e-12
0.35032596238706054,4.708794149897492e-12
0.35028193406195823,4.674119233460337e-12
0.3499028422281774,4.478150868299358e-12
0.34977093336322307,4.4138346520811705e-12
0.3496027371785906,4.3261196315034236e-12
0.34941604122733866,4.2359979804812935e-12
0.34918977446153443,4.137351456813353e-12
0.3489282307356734,4.007065906291152e-12
0.3489214838137284,4.003776516439909e-12
0.34863654552488116,3.878187206021506e-12
0.34844194346033436,3.790446471478843e-12
0.34824239968791704,3.705510001100704e-12
0.3480572714555995,3.6352570386981605e-12
0.3479529698231876,3.5857638578673997e-12
0.3475671574629421,3.429625724080292e-12
0.34750583676803243,3.4075440496750575e-12
0.3474688815749296,3.39186617582127e-12
0.3472237330361581,3.2977393560365077e-12
0.3469837894613447,3.2085547194456656e-12
0.3469284414182113,3.1940950328602178e-12
0.34688987073044075,3.174081186811508e-12
0.3465002120757942,3.035102291623235e-12
0.34637879516056663,2.9940164911192268e-12
0.3462147406064854,2.9376238992714534e-12
0.34601396329848494,2.8712079656376337e-12
0.3458032724370855,2.8064708960981454e-12
0.34553925407794167,2.7186959295836345e-12
0.345532572685693,2.715949395559708e-12
0.34505518783803024,2.6306731823316067e-12
0.34475007438717453,2.583815998564198e-12
0.3440192350182683,2.4760336368056073e-12
0.3439360942504744,2.465887460960406e-12
0.3439128184363711,2.460752248495818e-12
0.3438031108134769,2.444754229598735e-12
0.3433911888333776,2.3874068167970857e-12
0.3430759373751101,2.3436238870213087e-12
0.3428206301416274,2.3114239393022687e-12
0.34238009234192607,2.2496238410229756e-12
0.34224522886559233,2.231894423372252e-12
0.3417385182873285,2.1666360333811606e-12
0.34141323094263853,2.1256258037144987e-12
0.34074711245858913,2.043852515987375e-12
0.3406334747070174,2.0309176613281442e-12
0.3405840788103354,2.0243850486481235e-12
0.34041618633457604,2.0043431539746373e-12
0.34007407378838617,1.966280597055293e-12
0.33975529793901094,1.928027154883471e-12
0.3395352870541085,1.903700706323931e-12
0.33912274073557114,1.8569322586079754e-12
0.33893262987516737,1.8361107679969637e-12
0.3384471841699551,1.78445263846306e-12
0.3381086848781484,1.7486868491903745e-12
0.3375028494897437,1.687000193919351e-12
0.33734952186293665,1.672674285584854e-12
0.3372875581273107,1.665399199653322e-12
0.33706262763121636,1.643244128265049e-12
0.3360531074797011,1.640210582100746e-12
0.33590449791909954,1.672674285584854e-12
0.3356950944320414,1.717702240977154e-12
0.33561721018380786,1.7350423473584383e-12
0.3353966362624953,1.78445263846306e-12
0.3351810681470043,1.835327998512458e-12
0.3351033031574417,1.853738422375997e-12
0.33490573167137877,1.903700706323931e-12
0.3347430656158199,1.9413181923399422e-12
0.33450932103688363,2.0006745895338558e-12
0.3344009965892819,2.0309176613281442e-12
0.3343072515144586,2.0534941804948873e-12
0.3339196201423953,2.159121219508019e-12
0.33389379403752906,2.1666360333811606e-12
0.3338744257697142,2.1722549965869306e-12
0.3337421060054938,2.2088909414582988e-12
0.333664674867949,2.2378593332272078e-12
0.3334381307116629,2.297702724904511e-12
0.33340670079786927,2.3114239393022687e-12
0.3333285418080136,2.3302266852273233e-12
0.3330040155522395,2.4304718271925707e-12
0.3329042248991767,2.465887460960406e-12
0.33274172673850605,2.5147330060712337e-12
0.33257287709986877,2.5710345911038394e-12
0.3323960789015178,2.6306731823316067e-12
0.3321551419064809,2.7138913160638748e-12
0.33213748006822175,2.7194688925882586e-12
0.33209413226494877,2.7348880009746966e-12
0.3319143795544055,2.8064708960981454e-12
0.3317058600181761,2.8766545135049405e-12
0.33156638550305273,2.929007312610127e-12
0.3314013363160919,2.9940164911192268e-12
0.3312764022805767,3.0430215969297396e-12
0.3309818726604589,3.160974740137076e-12
0.3309018826941496,3.1940950328602178e-12
0.3308427025649972,3.2187052640048837e-12
0.3304542959976222,3.3858719026448283e-12
0.33041276510714385,3.4047468057372756e-12
0.3304287379088274,3.4075440496750575e-12
0.33039599449636886,3.411474827928035e-12
0.32998099362239786,3.601370937318223e-12
0.32991799104104713,3.6352570386981605e-12
0.32981434208993604,3.6815938996660344e-12
0.3295529725161658,3.8095907641262364e-12
0.32942077296280675,3.878187206021506e-12
0.3292329178954095,3.97316362789027e-12
0.3291247110912254,4.0297855570616015e-12
0.3289227141975531,4.137351456813353e-12
0.32869462278901224,4.262505677183128e-12
0.32864934123446204,4.288095566467073e-12
0.32844128518764587,4.4138346520811705e-12
0.3282682702451452,4.5089502143660025e-12
0.3280699708004837,4.627698166044329e-12
0.3279462926468617,4.708794149897492e-12
0.32784167831940847,4.769568065542462e-12
0.32748924705679144,4.994432762858609e-12
0.3274457144517185,5.023464650098335e-12
0.32741326663814774,5.045010626300033e-12
0.3271988753540333,5.156902954625807e-12
0.3266204830089422,5.297565731719677e-12
0.32637742145075255,5.35916336273414e-12
0.32573748947073233,5.518226133362342e-12
0.32564459890449093,5.542156749830466e-12
0.3255832112085255,5.557670723570201e-12
0.3249762541476355,5.717295521908307e-12
0.324674769560849,5.798406931157208e-12
0.3239755249957911,5.989962471562442e-12
0.3237054813113353,6.066217817973868e-12
0.32359987332595697,6.09936026808416e-12
0.3232965399276533,6.183547836665374e-12
0.3227406469376399,6.346598540152111e-12
0.3222137454826553,6.506956923483712e-12
0.3217771328427805,6.6397287401341685e-12
0.3208700041060664,6.929633248874601e-12
0.32083200413450147,6.941791686847152e-12
0.32081959695519674,6.94683656877344e-12
0.32078392898731767,6.9580361281057505e-12
0.3198641373523376,7.268034292105557e-12
0.31947163121332095,7.405684775577239e-12
0.31890844001103646,7.603602739425857e-12
0.3184647598546116,7.765248175604925e-12
0.3180047866524346,7.900578045165461e-12
0.31781883253285176,7.932334190331634e-12
0.31762377450542706,7.965475864360888e-12
0.31628694298936105,8.19943460835145e-12
0.3150242588999668,8.428543117794966e-12
0.3147654803548014,8.476064360028312e-12
0.31449475180866343,8.525469090051378e-12
0.31324755086273637,8.761335087840758e-12
0.3120656321466639,8.991790054146704e-12
0.311738448420052,9.056492950899307e-12
0.3113965542069421,9.125119485652326e-12
0.3102358663809925,9.361446448184696e-12
0.30913479205428646,9.592676604708852e-12
0.30857192303955455,9.642191937602996e-12
0.30832887803148984,9.661398176611008e-12
0.3077883059345353,9.703296280951506e-12
0.3063669593961347,9.815656632016552e-12
0.3052914226050803,9.90238276147343e-12
0.30522059227918,9.908014331773759e-12
0.3041770165615521,9.992084180231573e-12
0.3029070302251418,1.0096939431343555e-11
0.30228389021256336,1.0148576820536773e-11
0.30200637745073605,1.0172486091191098e-11
0.30128021031085384,1.0233718079315333e-11
0.30079125292078596,1.0274527677674003e-11
0.2997678933126253,1.0337353390889212e-11
0.29930598607168496,1.0328378125791938e-11
0.2989155862938578,1.0321366528501658e-11
0.2965437168260819,1.0275825882216609e-11
0.29635741830419393,1.0272256214360386e-11
0.2961998725112807,1.0269336499393565e-11
0.29434999086406766,1.0233718079315333e-11
0.29350883158514557,1.0217568753765233e-11
0.2934378979072337,1.0216277909182842e-11
0.2933556363171789,1.0214987227680274e-11
0.2908591113004387,1.0162209443900992e-11
0.29054713872501553,1.0127602345454554e-11
0.2896524303024887,1.0029553972646366e-11
0.2889252391738234,9.950039035378127e-12
0.2876848574207715,9.815501614860935e-12
0.2870028376319658,9.742606124507498e-12
0.28557875349218464,9.592676604708852e-12
0.2850946052046769,9.539196350980942e-12
0.28485077344898285,9.513619817757738e-12
0.2841514332728003,9.439835010051626e-12
0.28319837578352464,9.340180950804278e-12
0.2820446090278831,9.220440090273201e-12
0.28146438716546324,9.113597745954183e-12
0.28093424478564105,8.991790054146704e-12
0.2801503825979241,8.80795014184395e-12
0.2792660891122305,8.607726009816088e-12
0.2788411644614378,8.512822086235407e-12
0.2784572659743751,8.428543117794966e-12
0.2775394062979625,8.227323016888153e-12
0.27651494136635013,8.008615358717806e-12
0.27624372533732566,7.951398882594455e-12
0.27598077988899694,7.900578045165461e-12
0.2749534286341989,7.684849929287119e-12
0.27379089613744106,7.451203708244088e-12
0.2736698202007332,7.427119005198817e-12
0.27355805445927406,7.405684775577239e-12
0.27268402401535097,7.2122350689205775e-12
0.2725924261545251,7.143652152603627e-12
0.2724389534274392,7.032274148568912e-12
0.2723132097617753,6.941791686847152e-12
0.27208162476153425,6.778741654903537e-12
0.27186272137985784,6.628518083366319e-12
0.27168273476449306,6.506956923483712e-12
0.271568498562285,6.432979395728058e-12
0.27109368642914616,6.124456783153446e-12
0.2710596158713206,6.104371330435551e-12
0.2710530643318874,6.09936026808416e-12
0.27104192707826535,6.091755178769463e-12
0.2705516867577945,5.792549151422556e-12
0.27042616052480345,5.717295521908307e-12
0.2702223045984366,5.598281331053871e-12
0.2700447094348312,5.496655405668465e-12
0.2697994024143435,5.35916336273414e-12
0.26953868211890375,5.215876440382854e-12
0.26940711412787827,5.145026001188879e-12
0.26917669935174776,5.023464650098335e-12
0.26903360302982743,4.94944016561143e-12
0.26859503207920643,4.728542395632137e-12
0.2685528370777054,4.708794149897492e-12
0.2685294703907531,4.69661393113248e-12
0.2684230478753825,4.644831719535593e-12
0.2680249867709456,4.456843283174181e-12
0.26793042070941175,4.4138346520811705e-12
0.26778280893485545,4.34549811010485e-12
0.2675227441425267,4.229179776344291e-12
0.2673094468957369,4.137351456813353e-12
0.26709761087988265,4.0452164591883986e-12
0.2670214426489656,4.013145727641838e-12
0.2669749777887647,3.993672243763062e-12
0.26668991229331773,3.878187206021506e-12
0.26652043633544026,3.808207226027326e-12
0.26616701030191553,3.6700995060988556e-12
0.2660769584654393,3.6352570386981605e-12
0.26602101303134795,3.61367720629667e-12
0.26577871871442976,3.523007331538985e-12
0.2657581627822632,3.5195594172076832e-12
0.26552252557908024,3.429084127055448e-12
0.26546028036225183,3.4075440496750575e-12
0.26536405360040444,3.372956139429002e-12
0.2650217693648932,3.2541773471494906e-12
0.26484503151428856,3.1940950328602178e-12
0.2645647981347637,3.0999683941184636e-12
0.2640294699451744,2.930210260478547e-12
0.262899780551662,2.974692510863484e-12
0.2626546153992764,3.0318924602221665e-12
0.2619800064013153,3.1940950328602178e-12
0.2616357632185616,3.280597300721002e-12
0.26142336844015396,3.3353464039191533e-12
0.2611530676304511,3.4075440496750575e-12
0.26100603539613154,3.4451516594595824e-12
0.26056795439220315,3.564646714960201e-12
0.260379081947794,3.6180743231552845e-12
0.2603211884989191,3.6352570386981605e-12
0.2601978932017076,3.669172234862628e-12
0.2597517509846219,3.799496482187742e-12
0.2595019946740738,3.878187206021506e-12
0.25912843673187175,3.9902678103766585e-12
0.258979414551865,4.0362823015864096e-12
0.2586703731030192,4.137351456813353e-12
0.25850286932006233,4.190220622146205e-12
0.2580010084996546,4.3588324218499675e-12
0.2578806820204886,4.400401575260739e-12
0.2578613602008894,4.4138346520811705e-12
0.25776601887456335,4.4401927927235695e-12
0.2572612358739386,4.621271144133114e-12
0.25702505631429284,4.708794149897492e-12
0.25672703413624426,4.81984746449144e-12
0.25664141673301405,4.8529968947837694e-12
0.25656078877582944,4.8842140240651055e-12
0.2562063265839904,5.023464650098335e-12
0.256022472104256,5.096261651778926e-12
0.25545935048730845,5.3297904381199685e-12
0.25540748949860836,5.352058559092444e-12
0.25540008164544287,5.35916336273414e-12
0.25535810786908014,5.373061840044111e-12
0.2547927524297316,5.620517160801698e-12
0.25458160540439434,5.717295521908307e-12
0.25417273707227994,5.901416314172606e-12
0.25414755015053003,5.912891165950957e-12
0.25375593851932926,6.09936026808416e-12
0.2535493277089143,6.1955712715685385e-12
0.25294273123542793,6.497509483797769e-12
0.2529305040783445,6.504901964411094e-12
0.25293294946247574,6.506956923483712e-12
0.2529158322700359,6.511480118848276e-12
0.252310141539311,6.829137547589796e-12
0.2521028798776662,6.941791686847152e-12
0.2516937339664682,7.16772316769626e-12
0.2516913005632114,7.1695345908448884e-12
0.2516876505024381,7.1711199616202056e-12
0.25128525207139224,7.405684775577239e-12
0.25107397741810883,7.526898659035443e-12
0.2504678544460141,7.897085156725695e-12
0.2504702760207424,7.900578045165461e-12
0.250459379118834,7.902325068683126e-12
0.2504509040784419,7.907068937235488e-12
0.24974364534177354,8.274232435885621e-12
0.2492720444494722,8.428543117794966e-12
0.24873218699884267,8.596178728945491e-12
0.24798362478076752,8.843912111875094e-12
0.24772722010290246,8.931215977004942e-12
0.2475524419594703,8.991790054146704e-12
0.24672333191375384,9.2785786373384e-12
0.24656118071545946,9.336199051261242e-12
0.24586371780294042,9.592676604708852e-12
0.24572469972448188,9.639755783699522e-12
0.24554065151287224,9.708201324320777e-12
0.24462011113968754,9.98561628198933e-12
0.2437984650503922,1.0233718079315333e-11
0.24347870101088853,1.0332293646405709e-11
0.24312174482757054,1.0443687439837084e-11
0.24234495977922285,1.06916822346958e-11
0.2416500781263664,1.0917597876227389e-11
0.24121358260118306,1.1062697851986678e-11
0.24072666763655493,1.1223189002972332e-11
0.24005615300072985,1.1436830482589847e-11
0.23941759556602427,1.1647178714833107e-11
0.23889272862068575,1.1819882003871416e-11
0.23835518518715726,1.2000830637650052e-11
0.23773321890110802,1.2215184238803596e-11
0.23713694747373684,1.2425514618984852e-11
0.23658162437252878,1.2624504386710193e-11
0.23600706503934007,1.2828706771864766e-11
0.23541683010028688,1.3040742305576103e-11
0.23482353062564637,1.325586370113659e-11
0.23425097619151158,1.3468151185379512e-11
0.23368207704291385,1.3682541781503741e-11
0.23309314950751467,1.3910447065107312e-11
0.23251020203994482,1.4141701800795642e-11
0.2319376819457663,1.4365906653892945e-11
0.23137999331497913,1.458537126123417e-11
0.23076730360847816,1.4827612124994642e-11
0.23012842313466145,1.508673703437962e-11
0.22960116623375007,1.530343125817397e-11
0.2291005882175902,1.5513434685197544e-11
0.22844092170586588,1.579451946135546e-11
0.22775342627105893,1.6094925317384063e-11
0.22728654024647807,1.6301366720087004e-11
0.2268436383356395,1.648908844971472e-11
0.22610574604081035,1.6808809243322146e-11
0.22528747043326017,1.717048692383626e-11
0.22492836795168097,1.7330679291545666e-11
0.22460892245495986,1.74757986417829e-11
0.22375820236934663,1.78693164651395e-11
0.22282666997369505,1.8317924152353293e-11
0.22259197238231893,1.8423530585666322e-11
0.22239622154064217,1.8510441700613e-11
0.22139542954174796,1.8974545444596703e-11
0.2202223512143874,1.954204017275466e-11
0.2202074477058754,1.9543274719236826e-11
0.22020531871556648,1.9543274719236826e-11
0.22020159303205442,1.954420068027989e-11
0.21902372287441435,2.0127779123123317e-11
0.2180359992391451,2.062461476402084e-11
0.21783161844034568,2.0720600267012407e-11
0.21756010982625468,2.0847959132121177e-11
0.2166051621780713,2.1304621397455443e-11
0.2158880504862749,2.165264470704464e-11
0.21538300826413234,2.1903373808818578e-11
0.21471405086243775,2.2241147604463747e-11
0.21416982074178761,2.2520376373662124e-11
0.21376126192649703,2.2731916604201486e-11
0.21296295199829998,2.3154393785272413e-11
0.2119093207321443,2.3727437473790432e-11
0.2117639077641304,2.3807012679461607e-11
0.21165542510336144,2.3864984600807264e-11
0.21089760094617657,2.4290099678207407e-11
0.21056906971824763,2.4476093156568093e-11
0.21052886620592035,2.45074237602443e-11
0.20957033361399538,2.5054925841648644e-11
0.2093835037474014,2.5165964849951355e-11
0.20914122775285304,2.5313050346360773e-11
0.20813215908200455,2.5816502556973116e-11
0.20750578308887296,2.6136903208496827e-11
0.20686679152052595,2.6465877577538187e-11
0.20585924254745208,2.7004623594316698e-11
0.20546157117178393,2.7209253990391216e-11
0.20483134994506896,2.7552160721357872e-11
0.2043581006602058,2.7813162093367296e-11
0.20421786936763203,2.7892340023774467e-11
0.20343749749999948,2.8328285622500505e-11
0.20311469612149158,2.8511859472304204e-11
0.20260525326644482,2.8809238139708138e-11
0.20243295043299953,2.8905856287063053e-11
0.20187983290349915,2.922903211373049e-11
0.2014333636846341,2.949333953049101e-11
0.2006515072354873,2.996329771280812e-11
0.1995270849099371,3.065591570342936e-11
0.1994489732912005,3.070533859446887e-11
0.1994316193068874,3.071697908484936e-11
0.19940269935510974,3.0734448095217564e-11
0.1982177105461927,3.148812626176189e-11
0.19748413182035618,3.19681532667848e-11
0.1970130954010608,3.228067219016273e-11
0.19625835746269923,3.278831238565992e-11
0.19581390781330463,3.309107575099181e-11
0.19553864668883936,3.3279749896189936e-11
0.19462766448265673,3.3804169132317476e-11
0.19455617335076003,3.3846905584848257e-11
0.1936123272105933,3.438677822330076e-11
0.19327521561215696,3.458338619677624e-11
0.19261159754179807,3.497942848262522e-11
0.19200454802011274,3.533812432176536e-11
0.1917049845780762,3.551716642805874e-11
0.1908104791749055,3.606487968080582e-11
0.19074177326760525,3.610876337085208e-11
0.19071411344663977,3.6129298735347594e-11
0.18981643184375538,3.668818993798664e-11
0.18948821952599526,3.689737361419905e-11
0.18883532212978418,3.731696839347627e-11
0.188240629192594,3.7700229882102335e-11
0.1879464839017834,3.7894231890812526e-11
0.18706725509914848,3.8477994386156207e-11
0.18700215697436479,3.852177236420281e-11
0.18609495746985513,3.913991976769285e-11
0.18577317996765805,3.936308237989869e-11
0.1851330830487564,3.981071705535181e-11
0.18455004945267062,4.0219590426870724e-11
0.18426167107124358,4.042655683945534e-11
0.18339835027195497,4.105127484316045e-11
0.18333674454853735,4.109733149288092e-11
0.18330927241089276,4.111940508335187e-11
0.18244644501701232,4.1756808126315926e-11
0.1821309761716417,4.1993564925456427e-11
0.18069975827200277,4.239337809486731e-11
0.18064910138840332,4.240074342587103e-11
0.1806089353372856,4.2409449557762656e-11
0.18017379447836906,4.247111329489303e-11
0.17975708036383337,4.2534210153545525e-11
0.1789832041669326,4.2647886108223837e-11
0.1788694640193983,4.266742314974944e-11
0.1787316024365471,4.268562085438381e-11
0.17737425042433166,4.289104996051199e-11
0.177107358479452,4.293238987353364e-11
0.17678317429592094,4.298259342261762e-11
0.17577976022962552,4.313560025101427e-11
0.17536261205639547,4.3200366555969733e-11
0.1748564094218131,4.3280948549404577e-11
0.1741996035640248,4.3381544884733955e-11
0.1736350537395074,4.3468642883612894e-11
0.17295231653558893,4.357862161841665e-11
0.17263365157753266,4.3628891811745114e-11
0.17192451420275298,4.374272998958685e-11
0.17108136306748634,4.387695607448775e-11
0.171067304289805,4.388111395642736e-11
0.1702308257881872,4.401576467733243e-11
0.16954344222917148,4.412712766889418e-11
0.16920447273423977,4.418291477874899e-11
0.16855382248952214,4.428910466602807e-11
0.16801934639471733,4.4378725657295254e-11
0.16736030834526608,4.448960169759159e-11
0.16689333993585556,4.456836511031163e-11
0.1665089512854701,4.4631758172507734e-11
0.16553784399517305,4.479558751168053e-11
0.16524921537556048,4.4845136773935626e-11
0.16501213373996765,4.4886233393720054e-11
0.16373364229772222,4.5106527176492075e-11
0.16362128766033307,4.512505249750638e-11
0.163527981194731,4.51407337116474e-11
0.16256011387836708,4.5309293525150225e-11
0.1620093972293977,4.540528121623847e-11
0.1619506704034373,4.541675601451711e-11
0.16060115505829792,4.5656955645631555e-11
0.16041338609386752,4.5691579598219565e-11
0.16018556541358553,4.573200739699496e-11
0.15915744512640903,4.591727619681611e-11
0.15883309782125946,4.5975326477148114e-11
0.1584412301811032,4.60465380958406e-11
0.15772671329773924,4.617908100792106e-11
0.15726837752016146,4.626229665280231e-11
0.15671437468063357,4.6366160985428093e-11
0.156308842906773,4.644237854169626e-11
0.15571907182505088,4.6550322873829866e-11
0.15500746420118958,4.668579049936391e-11
0.15490371833674968,4.670717730914218e-11
0.15418502888126226,4.660843738314542e-11
0.1536418876270584,4.6366160985428093e-11
0.15307364837971063,4.610547993049182e-11
0.15266609833010353,4.592307792497422e-11
0.15241096374009233,4.580718251982106e-11
0.15130834791586842,4.5309293525150225e-11
0.15118917071310403,4.525637239684406e-11
0.15116213129411868,4.524350903897256e-11
0.15111792860809656,4.522279243015004e-11
0.1499775346152723,4.4711479377443296e-11
0.14967298036249535,4.4575404335087744e-11
0.14918899872962443,4.4360506728041876e-11
0.14877417023860898,4.4175937534840104e-11
0.1481984995766167,4.3915778298771835e-11
0.14758224476347573,4.364336383766173e-11
0.14728291053213752,4.3511226667261465e-11
0.146738544415755,4.3270013374867814e-11
0.14639916086232815,4.3118572630689976e-11
0.14540117515052528,4.267820603800821e-11
0.1452929717829069,4.2629704490640593e-11
0.14522591209618688,4.259941901786946e-11
0.14493450988318415,4.247111329489303e-11
0.144060672984654,4.208917485524476e-11
0.14386163999076743,4.2000197480676283e-11
0.143543481445124,4.186113355413944e-11
0.14290651036475926,4.158175863015273e-11
0.14244440874784275,4.137867930934607e-11
0.14176090919808315,4.10817572695634e-11
0.1417095222514934,4.105970388907397e-11
0.1410411391446995,4.077022146729989e-11
0.14062313209866273,4.059033228017707e-11
0.13989967061411804,4.027488966192647e-11
0.1396516936403497,4.016690445902258e-11
0.1394965098276555,4.010098571418536e-11
0.13882245772706583,3.981071705535181e-11
0.1383782447185439,3.96187899610811e-11
0.1382759360487697,3.9573765279954e-11
0.13811226595787288,3.950382857036362e-11
0.1372692758971344,3.914177421846706e-11
0.13691373152555178,3.898815340894368e-11
0.13634967513831617,3.875120121700082e-11
0.13615405542586617,3.8698605235835844e-11
0.13556494655468762,3.854124522771574e-11
0.13498197540603835,3.8382706518082933e-11
0.13478049921820065,3.832939999571415e-11
0.13422944893548178,3.8182585461242964e-11
0.13381869143178252,3.807179148873315e-11
0.1332300261524653,3.791338753086373e-11
0.1329071077695939,3.782726333545409e-11
0.13266639469540606,3.776160584727806e-11
0.1316964342980508,3.7500113547512134e-11
0.13159779344820907,3.747524779070325e-11
0.13152433814748535,3.745335590403707e-11
0.13101383109880513,3.731696839347627e-11
0.13039085232960979,3.71499689804323e-11
0.13030137763933378,3.7126508056381864e-11
0.13018175401283763,3.7093687651541405e-11
0.1292680723054952,3.684729378424034e-11
0.12901773327521804,3.6777528524479595e-11
0.1286832503848415,3.668934878732151e-11
0.12815527016179837,3.65465074176988e-11
0.1277467345399006,3.643585709990579e-11
0.1272081450128501,3.630088157403059e-11
0.12703607988909163,3.627795686510243e-11
0.12648825685687703,3.620012109097892e-11
0.12587219319404688,3.611332577625926e-11
0.12585363603849828,3.611047420532953e-11
0.1252421768768896,3.602673856655254e-11
0.12471806551635246,3.595114507692108e-11
0.12451475366260198,3.592333484482047e-11
0.12400837246583728,3.5850789163737495e-11
0.12357392271850993,3.579082318103749e-11
0.12318981710914705,3.5736600926052716e-11
0.12278672269280465,3.56796432674243e-11
0.12244086798392818,3.563009080292967e-11
0.12187956811426602,3.555196059761752e-11
0.1215771078182089,3.550819281664403e-11
0.121317615817649,3.5471200628616646e-11
0.12058179768624636,3.5365481510167364e-11
0.12037940928206367,3.5337008151453826e-11
0.12020524926031732,3.5311903637805946e-11
0.11929899927963855,3.5182203008858426e-11
0.11919350969235853,3.516775955519687e-11
0.11910250628852201,3.515443239936949e-11
0.11803698009262067,3.501369586057496e-11
0.11801929281355264,3.501258993748009e-11
0.11800217861536846,3.501258993748009e-11
0.1174410710484832,3.497942848262522e-11
0.11687302663823097,3.4947402265142954e-11
0.11685664355518205,3.494629843596067e-11
0.1168396979549394,3.494629843596067e-11
0.11575356028312159,3.488453961398138e-11
0.11570544796057915,3.4880132448240183e-11
0.11565372156324114,3.4877378252397464e-11
0.11464592512766884,3.4819590350243715e-11
0.11456559319570327,3.481519138991854e-11
0.1144803367802435,3.4809693471022094e-11
0.11354559545263947,3.476134920684705e-11
0.11343696753808134,3.476134920684705e-11
0.11332707395826497,3.4758604390335384e-11
0.11243082258124676,3.475366426677658e-11
0.11231946036585727,3.475366426677658e-11
0.11220766603214775,3.475256655689481e-11
0.11132591805342629,3.474817606407354e-11
0.11121296214694948,3.474817606407354e-11
0.11109877819131533,3.4745432287736116e-11
0.11023267119000085,3.474104269622836e-11
0.1101173644283153,3.474049403628397e-11
0.1100013806450317,3.473939674238975e-11
0.1091496326302465,3.473500791338736e-11
0.10903255982532073,3.473939674238975e-11
0.10892061452026423,3.4745432287736116e-11
0.10804223620350831,3.48025474744193e-11
0.10795844201121535,3.4809693471022094e-11
0.10788018843285486,3.481409173667546e-11
0.1069434901603635,3.4875725839281594e-11
0.10689490570671063,3.4880132448240183e-11
0.10684892587476663,3.4881234187474426e-11
0.10585642963926532,3.494795419280865e-11
0.10584184666966111,3.495071396189014e-11
0.10582854466029004,3.495071396189014e-11
0.10539255284338199,3.497942848262522e-11
0.10479916168484714,3.5018119902286905e-11
0.10477991236884812,3.5021438300401395e-11
0.10381591863723656,3.5087872338746195e-11
0.10376674855385815,3.508898063974416e-11
0.10371484421023927,3.509396842746582e-11
0.1028235077842397,3.515554280276286e-11
0.10274450608507579,3.516054005208581e-11
0.10266010600140835,3.516775955519687e-11
0.10184156833196484,3.522556897128316e-11
0.10173233408375576,3.5231132574463014e-11
0.10161683088859284,3.524003616736214e-11
0.10086803094939803,3.529350499699953e-11
0.10073013334220712,3.5302981887187246e-11
0.10058318551670938,3.53146921472373e-11
0.09990742207153851,3.536995000061157e-11
0.09973780563006854,3.53962137866178e-11
0.09954369215844634,3.5427532270701135e-11
0.09898562430366999,3.551604460262296e-11
0.09875525368468019,3.5553083557511744e-11
0.0984911330386994,3.5596906671295714e-11
0.0980730426575325,3.5664432346354296e-11
0.09778238120155079,3.5709520610883034e-11
0.09745111676023858,3.576370177757957e-11
0.09716746525148612,3.581004661829787e-11
0.09681909282491821,3.5867778902312754e-11
0.09642161641390895,3.593241337070554e-11
0.09627118043935771,3.595852691472404e-11
0.09586529413840314,3.602673856655254e-11
0.0954020696249908,3.610420154183983e-11
0.09538247143788804,3.610591216017766e-11
0.09524263430708961,3.6129298735347594e-11
0.09492089165575501,3.6183545370750625e-11
0.09450242321482138,3.6255046633571264e-11
0.09439467228527437,3.62733736608969e-11
0.093985792811689,3.6343330482541585e-11
0.09363117370209632,3.6406521963356257e-11
0.09339723531222521,3.64450651501397e-11
0.09305990595281322,3.650439770743398e-11
0.09276661119736904,3.655516611218772e-11
0.09240989120467714,3.661872591937614e-11
0.09214314032864528,3.6665020636334434e-11
0.09191092041163501,3.670673592046247e-11
0.09143408974744448,3.679030892623968e-11
0.0912354060827175,3.6827513535199436e-11
0.09106246231721458,3.6857187892431974e-11
0.09043710980628636,3.70468516825178e-11
0.09033661424376968,3.70808018605601e-11
0.09025891607874317,3.710774998513061e-11
0.08989054416329555,3.7234551128486876e-11
0.0896509989137109,3.731696839347627e-11
0.0894700289513473,3.738067205183369e-11
0.08944667671702856,3.739011887519487e-11
0.08941641437348742,3.7399568085952025e-11
0.08868803690896679,3.765560142036803e-11
0.0885655062755732,3.7699634488169975e-11
0.08840723876002786,3.7755642638745824e-11
0.08791330466558331,3.793375100847478e-11
0.08769301655178556,3.8014113620432055e-11
0.08740903040717729,3.811631123381023e-11
0.0871449188108605,3.8212748191736536e-11
0.08682912202888511,3.832879466539495e-11
0.0864225106221788,3.84792097690431e-11
0.08638324885453312,3.8493797358422305e-11
0.08597373803254701,3.8648522064630274e-11
0.0856284430649473,3.877752600807358e-11
0.08544691841291865,3.88461768875758e-11
0.08512678072260277,3.896845474623915e-11
0.08488002751324762,3.906272903288653e-11
0.0844825435057857,3.92160243422629e-11
0.08428816708482266,3.9293517999519146e-11
0.08413815331414017,3.9350029684178774e-11
0.08352804331161069,3.959251934206054e-11
0.0834578149227791,3.96187899610811e-11
0.08340377123950302,3.9642573636157174e-11
0.08297829528186666,3.981071705535181e-11
0.08263564284979022,3.994927811719689e-11
0.08258532530015046,3.996947258885467e-11
0.08195219999742615,4.022784870327325e-11
0.08182157028094279,4.02799784646772e-11
0.08165482592410385,4.034491708879113e-11
0.08123120352205009,4.050836179181985e-11
0.08101551742519368,4.059161438429953e-11
0.08074261655014668,4.0698170321331766e-11
0.08051538254494274,4.078696586080088e-11
0.08021740527754917,4.090436932811181e-11
0.07984059795098464,4.1054516579098496e-11
0.07980567659088511,4.1066837510494305e-11
0.07967943131389899,4.111940508335187e-11
0.07942715561132134,4.1220836000588215e-11
0.07910299114400625,4.135124173437778e-11
0.07894865628006692,4.141398294409434e-11
0.07864469097046066,4.1535815064994716e-11
0.07840554525904143,4.1634327792461916e-11
0.07806667896268282,4.1776596735447216e-11
0.07786993466196421,4.1857167072081996e-11
0.07771481222602593,4.192133796696231e-11
0.07719548759891919,4.2139057875528694e-11
0.07710281074835859,4.2179672991945576e-11
0.07703053674725133,4.221165994721229e-11
0.07672208741393635,4.2341187890558105e-11
0.07642004490105787,4.247111329489303e-11
0.07635136355678124,4.2500636333856145e-11
0.07634324404025701,4.250600636359177e-11
0.0763330958588353,4.25080202996672e-11
0.07567854442700116,4.279294265514723e-11
0.07559116008898954,4.283080574698782e-11
0.07548033835433302,4.2880213296041755e-11
0.07501237950366992,4.308998135883664e-11
0.07484648517930609,4.31621767666827e-11
0.07463710745625628,4.3255665150993445e-11
0.07435100027325606,4.338497063737246e-11
0.07410914632215126,4.3494737675487085e-11
0.07380347512354728,4.3633715287095696e-11
0.07369580863067426,4.3683359138351914e-11
0.07337907124751032,4.383124536717115e-11
0.07304621407468881,4.3983105234394405e-11
0.07297897735410867,4.401576467733243e-11
0.07265618839732566,4.417175171738305e-11
0.0724089956755735,4.431149293212646e-11
0.07214973803503033,4.4457292777511404e-11
0.07194042691848306,4.4575404335087744e-11
0.07178306140352762,4.466560466658585e-11
0.07132336995121466,4.4930205911029955e-11
0.07123171665586714,4.49827456323092e-11
0.07116253797455817,4.502254625651127e-11
0.07067128177722463,4.5309293525150225e-11
0.070529988145485,4.5392375533555405e-11
0.07050697793902623,4.540599830618662e-11
0.06993753695562947,4.574500964173312e-11
0.06983517260765781,4.580718251982106e-11
0.06969959369857115,4.5888278548661304e-11
0.06933296702789365,4.6110577209765824e-11
0.06914720194027933,4.622578011703895e-11
0.06890095530538566,4.637787861672565e-11
0.06873362326072102,4.647906618163785e-11
0.068466008712141,4.6648202964769446e-11
0.06813946047694851,4.685049990351319e-11
0.06811245572112264,4.686826107529674e-11
0.0677915261563226,4.707076893593506e-11
0.06755059716222345,4.7225647735516576e-11
0.06733232870956064,4.736682081258495e-11
0.06712368816364817,4.750016333017597e-11
0.06696666096111323,4.7603047703877293e-11
0.06656161953866581,4.786841595706312e-11
0.06646242927620633,4.7934231813407075e-11
0.06638777255382411,4.798346363375339e-11
0.06585733005178052,4.833713836258408e-11
0.06581388830507132,4.836691962695933e-11
0.06580768468093438,4.8370739064532615e-11
0.06579941409169338,4.8376850792015435e-11
0.06524496495677191,4.8753439977916476e-11
0.06515939020326583,4.8812763088588364e-11
0.0650462511928023,4.888914173842348e-11
0.06468095962478451,4.914304917519371e-11
0.06451748230084019,4.925882643975862e-11
0.06430108758134927,4.940997885803237e-11
0.06412182979567653,4.953577190305817e-11
0.06388189805727491,4.970896603043402e-11
0.0635678406147695,4.991901753574283e-11
0.06356584324819689,4.9922959539340903e-11
0.06325257517599879,5.0093551621907316e-11
0.06299929621070335,5.0232983488627505e-11
0.06286741479026396,5.030522824213744e-11
0.06262945197414581,5.0438079682146007e-11
0.062438100500391225,5.0546529235878057e-11
0.06217470664707158,5.0694426962261026e-11
0.06201246737650945,5.078818558456321e-11
0.06188175433262985,5.086122882615396e-11
0.06148963114748724,5.108663681361369e-11
0.06140156090955637,5.113749112381808e-11
0.06133095836600593,5.118112082246268e-11
0.06081225117624778,5.1481068047119376e-11
0.06079667269549909,5.149245185170646e-11
0.06078433031871921,5.1498958013059924e-11
0.060669842124118155,5.1567322359300705e-11
0.060197743446427164,5.184660111800889e-11
0.06014218796884242,5.187936393990573e-11
0.059708388663990294,5.215621398568971e-11
0.05960471445849601,5.222627563413008e-11
0.0594740450967407,5.231212615565766e-11
0.0591807993672903,5.250663539155878e-11
0.05901752760617314,5.261703965794737e-11
0.05881190335847001,5.27568295578897e-11
0.058657871902406976,5.2859411170039093e-11
0.058436125336540974,5.3012401850984146e-11
0.05815713343559954,5.320531336689337e-11
0.058140267709367255,5.321875938510696e-11
0.058073415161611464,5.326248241667436e-11
0.05786045066365582,5.340989127116554e-11
0.05762653448632964,5.357631970356636e-11
0.0575096532555773,5.3657609719763366e-11
0.05729044716296238,5.381376049449076e-11
0.05711734066145537,5.3936282358773444e-11
0.05686938165958859,5.411375102679065e-11
0.05672605896576342,5.42164022937051e-11
0.05661264612416796,5.429866349128238e-11
0.05623623839238342,5.4573769973784815e-11
0.05616723075374369,5.462205671305527e-11
0.056112411118312125,5.46634793500916e-11
0.0558898845043622,5.482948426511733e-11
0.055638646722819624,5.5013367058700334e-11
0.05561659623902194,5.503074629337152e-11
0.05561390775354799,5.50324845187745e-11
0.05561081615591609,5.503335365206479e-11
0.055128360275354144,5.5421483285610264e-11
0.05506603573141257,5.547227219585419e-11
0.054986368435837124,5.5536262330101025e-11
0.054645466972802086,5.582204696541971e-11
0.05452356098784943,5.5922639431433094e-11
0.05436696142800335,5.605704475093927e-11
0.054167065390134314,5.622728171830988e-11
0.053986430352382965,5.6382005483132696e-11
0.053754661804529584,5.658181712361842e-11
0.05369272226517661,5.663456379862748e-11
0.053454591178338486,5.684155400980289e-11
0.053223047548040504,5.7048399766037024e-11
0.05314900118520139,5.7113306049028416e-11
0.05292799133768208,5.7308468313266114e-11
0.05275684370896415,5.746072212882547e-11
0.05255079970420843,5.764523527208209e-11
0.052406579215911304,5.777556809010879e-11
0.05229497634969192,5.787785268563152e-11
0.051959079912572294,5.8183956425413194e-11
0.05189030370699619,5.82501546773671e-11
0.05183702718219243,5.829709066985802e-11
0.05141489204332449,5.868969759663e-11
0.051379114208370116,5.872492978568277e-11
0.05137365034305873,5.873049469598663e-11
0.050933493889206816,5.914750115866234e-11
0.05087296061597001,5.920731472684889e-11
0.050793834707821346,5.928965715973943e-11
0.050491250355606906,5.960511028904249e-11
0.05037179331932543,5.972855371206469e-11
0.05021534372634612,5.989480392732999e-11
0.05005308867849271,6.00681571038996e-11
0.049875563196695984,6.025818799275419e-11
0.049643201198876545,6.0508038368841e-11
0.0496186094260247,6.053384511621279e-11
0.04954107525945375,6.061898976448681e-11
0.04938422161025669,6.079155864165415e-11
0.049188377172306695,6.1006997254662e-11
0.04907781478238906,6.112562068566056e-11
0.048897720401330794,6.132577619206565e-11
0.048761286076218886,6.147899283205625e-11
0.0485183984659219,6.175340738393061e-11
0.04841601188566943,6.186859651460486e-11
0.04833813698137717,6.195659704541051e-11
0.047965474623080886,6.238665644608564e-11
0.04793904884877796,6.241819307515134e-11
0.04791912325016184,6.244185600835183e-11
0.047772485238892416,6.261170308497139e-11
0.047702332257649985,6.268986899613046e-11
0.04750305278699554,6.292495272194992e-11
0.04746678454128821,6.296670498948217e-11
0.04741931044871754,6.302241777729279e-11
0.047090822605912616,6.341378998425267e-11
0.04699917267437633,6.352404986522589e-11
0.046878911998084596,6.36686798807596e-11
0.04668205691444167,6.390541555152173e-11
0.04653616741522586,6.40822797094585e-11
0.04634534412559132,6.431547438259188e-11
0.04627493799854031,6.438356447218375e-11
0.046077723382535386,6.457806796282771e-11
0.04586394172329915,6.479669141862083e-11
0.04583357751743763,6.482330352077841e-11
0.045623795642070586,6.50365941820776e-11
0.045456046410885964,6.520731996718276e-11
0.045327023840589294,6.533926990605354e-11
0.04517433970225993,6.549630729801751e-11
0.045051996538496224,6.562262346399776e-11
0.04482639364613269,6.585622289781001e-11
0.0447293115098339,6.596135332846612e-11
0.04465143026168568,6.603952904793212e-11
0.04433107853677283,6.637936255371311e-11
0.04428866744550712,6.642340690788544e-11
0.044254853360333135,6.646328174325762e-11
0.04394403787988299,6.679580103043022e-11
0.04385236431970304,6.68950356604933e-11
0.04384144840913882,6.690454457843374e-11
0.04347139442200496,6.731045700839618e-11
0.04342035936832068,6.736788522574423e-11
0.04335701658121415,6.74360117487181e-11
0.043084881593511204,6.773808552890739e-11
0.04299261024854316,6.784086283985868e-11
0.042877626634329556,6.797492121678636e-11
0.04270221817741548,6.817273727056643e-11
0.04256907503468747,6.832147700346428e-11
0.04240415215782405,6.85116450144602e-11
0.04232244195300595,6.860476044249154e-11
0.042149712214095164,6.880440941211636e-11
0.04199027057475067,6.899156316673283e-11
0.04194624607543753,6.904170213744606e-11
0.0419355005632369,6.905696905546703e-11
0.04173448068306345,6.904170213744606e-11
0.04155370382268642,6.871753422143259e-11
0.0414929838725418,6.860801093845221e-11
0.041323339742816496,6.830421519889071e-11
0.04120246213522756,6.808665965431423e-11
0.04100327126501444,6.77295277846109e-11
0.04091624909551629,6.757460591931048e-11
0.0408541893942562,6.746157695275079e-11
0.04051924045543723,6.686123711840124e-11
0.04051316884031292,6.685067857644533e-11
0.040508664681531505,6.68443442516287e-11
0.04048262871228696,6.679580103043022e-11
0.04016625641390364,6.623066686605616e-11
0.04011405946943366,6.613659562719271e-11
0.04004102025899599,6.600512032314512e-11
0.039826742426367745,6.562262346399776e-11
0.03971888186431065,6.543014034110331e-11
0.03956844416036392,6.515996557404174e-11
0.03949009825439406,6.502016232158253e-11
0.0393275972917467,6.473123124130473e-11
0.039156299640244585,6.442323218980046e-11
0.03910144554621037,6.432563250886887e-11
0.03894016740011889,6.403978772124128e-11
0.03882532253122509,6.383178229014135e-11
0.03863977180121637,6.349997682440556e-11
0.03855655421561948,6.334972686859392e-11
0.038497143077951955,6.324576231027851e-11
0.03818373365604075,6.268689888865817e-11
0.03817672013853401,6.267304024760556e-11
0.03817173763263365,6.266512239978724e-11
0.03814167186971723,6.261170308497139e-11
0.03784899126474051,6.20907937562594e-11
0.03780062793955592,6.200358183115192e-11
0.037733077809469925,6.188423191308211e-11
0.037529064463096756,6.152075725717937e-11
0.03742824075613755,6.134127440928208e-11
0.03728774073800574,6.109184259177037e-11
0.037214270438833234,6.092996738746532e-11
0.037059522088877056,6.056922779540841e-11
0.03691308938731821,6.022774270061572e-11
0.036819882718404175,6.001316032588981e-11
0.03669443579794096,5.972100785826777e-11
0.03661399185069201,5.953737220095485e-11
0.036356664745134534,5.894049078604872e-11
0.03633294609952189,5.888652646878232e-11
0.03631766894994138,5.885119732933904e-11
0.03624593482594961,5.868969759663e-11
0.03602339595628979,5.817660570952899e-11
0.035975017562331256,5.8060954354154845e-11
0.035899621435567866,5.7890650985859135e-11
0.03573185284271218,5.750611382387729e-11
0.03562061510412647,5.725057303473639e-11
0.03544798094530035,5.68559189767987e-11
0.03544232657054876,5.684694044705815e-11
0.03526970398827236,5.644793651534552e-11
0.035155656089407954,5.618999826018219e-11
0.03500236079168425,5.584320927889563e-11
0.03492224982033647,5.566006876875732e-11
0.0348710514487459,5.5543279433980963e-11
0.03463442787703274,5.5013367058700334e-11
0.03458858363699445,5.4905738240650023e-11
0.03457821854471791,5.4880597381211514e-11
0.03456200842148312,5.484507304885654e-11
0.03430856976406373,5.4273800606085394e-11
0.03423757644130941,5.411546028757682e-11
0.03412752591806981,5.386818025812671e-11
0.03403065825228089,5.3650830843449444e-11
0.033900290122192235,5.3360147899129226e-11
0.03385574495277936,5.326248241667436e-11
0.033755161096467576,5.3033336566493605e-11
0.03369817953721955,5.29053455096185e-11
0.03356632652836372,5.261205401790374e-11
0.033481732390016006,5.24246051947509e-11
0.03327455631407661,5.196300287524225e-11
0.033235652926496946,5.187772530721307e-11
0.03321075936679515,5.1820405758175154e-11
0.0330945690911134,5.1567322359300705e-11
0.03294166088490249,5.1226405753995226e-11
0.03290823690573245,5.115041456310539e-11
0.032855940843323085,5.10342210867101e-11
0.032668267438035414,5.0704836033698075e-11
0.032584046374501435,5.063601569994761e-11
0.03248574877417492,5.05593033275945e-11
0.032369591269541746,5.046835831760639e-11
0.03226304955738039,5.038553364194103e-11
0.03213883151099893,5.02837821517027e-11
0.032073645807651825,5.0232983488627505e-11
0.03194521499197656,5.013154006708078e-11
0.03179577270104236,5.001134204932919e-11
0.031780406086334374,4.9998706403104976e-11
0.03163051152584425,4.987882687433436e-11
0.031489847367815134,4.976552194137283e-11
0.03145599564181021,4.973645045471293e-11
0.031318908313431315,4.962738760929298e-11
0.031201945140489785,4.95334250076406e-11
0.031120150392759973,4.946619459911381e-11
0.031010374813055977,4.93787755005836e-11
0.03091667511685637,4.9302410529884846e-11
0.030787965267866563,4.919818422789785e-11
0.0307048807839132,4.9129856995507476e-11
0.030634013231466157,4.9072473459737075e-11
0.030459178736771522,4.89300804234931e-11
0.03040239628311068,4.888219328910834e-11
0.03035393563889367,4.884360877237242e-11
0.03013404900683361,4.86649747462888e-11
0.030102891662734003,4.863577805594357e-11
0.030076418711724954,4.861581146640164e-11
0.029812029515419773,4.8397483574050475e-11
0.029806337566940698,4.8395190608218755e-11
0.029801439038564498,4.8389076563760833e-11
0.029739556491564706,4.833713836258408e-11
0.029528973422060064,4.8163399109603023e-11
0.02951270492908297,4.8151230356532695e-11
0.029493736348313933,4.813450334099084e-11
0.029258998876945844,4.7938774172188935e-11
0.029221964968858708,4.790849990895846e-11
0.02917877096561894,4.787219602881256e-11
0.02899149262810349,4.7715196842780945e-11
0.028934089189490596,4.76669930660509e-11
0.028867308663698164,4.761282202334124e-11
0.028726432108640714,4.749266223553486e-11
0.028649049374933035,4.7428201700378503e-11
0.02855882585568713,4.73511140980215e-11
0.028463794957987485,4.727116548739196e-11
0.028366817587106533,4.718911604169127e-11
0.028253912729067222,4.709381958389479e-11
0.028203559020009858,4.705070175797547e-11
0.02808736616315938,4.709233210474062e-11
0.02798159222610947,4.716005999364641e-11
0.027911679948258168,4.720551452973327e-11
0.02781066771275627,4.727116548739196e-11
0.027720940315035223,4.7327190071265855e-11
0.027619950772096835,4.7393010248896284e-11
0.02753669511539367,4.744618188072919e-11
0.02746304830238181,4.749866301647455e-11
0.027331006468793603,4.758425657502187e-11
0.027265421517741563,4.762711117743663e-11
0.027207226690584407,4.76669930660509e-11
0.027045150306490216,4.77755201193831e-11
0.026996820331011494,4.780722036246999e-11
0.026953788087997855,4.783591965885184e-11
0.0267624779831941,4.7965279845389674e-11
0.026730865228350432,4.7987252790584395e-11
0.02670283937993896,4.80069612300983e-11
0.026482632094065497,4.8157314348706335e-11
0.026467530142260363,4.81694846393197e-11
0.026454099206068626,4.817709263276702e-11
0.02633683702962443,4.826085990957927e-11
0.02622503835402062,4.833713836258408e-11
0.02620773942203053,4.8348590524312335e-11
0.02620678926204331,4.8347826962457825e-11
0.026205522435645893,4.8352408514473545e-11
0.025963611164064038,4.851993262371146e-11
0.02594861703127148,4.853142809353598e-11
0.02593168846931956,4.854369292997417e-11
0.025722067844726536,4.869572703989794e-11
0.025692988145282373,4.8714187743089185e-11
0.025660467833652504,4.873881290104152e-11
0.02548246367615978,4.886829935301649e-11
0.02543987754869857,4.8899180131188634e-11
0.02539226802787575,4.893239873242307e-11
0.025245091449361542,4.9041483243475924e-11
0.025189260432971906,4.908487502886938e-11
0.025126628481478883,4.9129856995507476e-11
0.025010051273807635,4.9216835414188494e-11
0.024941112233951897,4.9266606486225424e-11
0.024863828002559835,4.9327333036098883e-11
0.024777079625593102,4.939125447820293e-11
0.02469540862947807,4.945369668745197e-11
0.02460395457061841,4.9523256412300234e-11
0.02454633746582014,4.956707446942483e-11
0.02445212553699606,4.963992941603108e-11
0.024346679607245503,4.9721528453626895e-11
0.024317979253566564,4.9746662825121884e-11
0.024211239111197137,4.982843731307699e-11
0.02409192018432823,4.9922959539340903e-11
0.02409145433980586,4.9922959539340903e-11
0.02397272574168105,5.001766106986861e-11
0.023867039532975465,5.009988102977002e-11
0.02384017225307851,5.0120457128994496e-11
0.02373656205064183,5.020284606696663e-11
0.023644715177174494,5.027742951054715e-11
0.023583529447991892,5.042374351168094e-11
0.023502724890576445,5.0640814086025404e-11
0.023448026672334386,5.078818558456321e-11
0.02329707953235749,5.119405528782379e-11
0.023271191342015995,5.126525329910636e-11
0.023253536360756607,5.131223339047335e-11
0.023161655031528026,5.1567322359300705e-11
0.02306088220969205,5.184496352014468e-11
0.02304193871127927,5.189739231594998e-11
0.023014387022198674,5.197203081152199e-11
0.022869603078663352,5.2379915479296184e-11
0.02281494452824843,5.253732608091008e-11
0.022734904966958142,5.27651620865971e-11
0.022680129791764127,5.292373042013327e-11
0.02259018654416663,5.3185150709077055e-11
0.022492063186435925,5.347065787516457e-11
0.022458871169115477,5.356955109709033e-11
0.022367642729457272,5.3840963500710925e-11
0.022305663881110285,5.4024943821102995e-11
0.022186081561189112,5.438792064244579e-11
0.02214729127156483,5.450486295585754e-11
0.022120969730833443,5.4587561827617e-11
0.022037930918816465,5.483901021748357e-11
0.021981753161521234,5.5013367058700334e-11
0.021937486730089998,5.515081274269655e-11
0.021929110572816858,5.5176948789142615e-11
0.02191687017448248,5.521443205684267e-11
0.021755735971112602,5.5723395491147934e-11
0.02171307924830714,5.585732194474733e-11
0.021650716141577084,5.605704475093927e-11
0.021575334560359254,5.629925540577864e-11
0.02149917612379962,5.654608461157051e-11
0.021396532494008812,5.6882863075447926e-11
0.021387845924557954,5.691161752159411e-11
0.02128738023365306,5.7243340238576754e-11
0.021219109645511564,5.74707052265924e-11
0.021128320525981487,5.777648054518022e-11
0.021077670818766044,5.7949193550333967e-11
0.021043259735044586,5.806645634460984e-11
0.020871742480314384,5.865819197666818e-11
0.02087002732454233,5.86656035418193e-11
0.020869018475222212,5.867116283023095e-11
0.02086276469783467,5.868969759663e-11
0.020664429398876177,5.938899442665665e-11
0.020618330101735787,5.955241845367556e-11
0.020524455367359678,5.989196624386463e-11
0.020460856890157534,6.012130526357277e-11
0.02036789604642655,6.04621868690658e-11
0.020354263896561715,6.051090524182529e-11
0.020324816177354578,6.061898976448681e-11
0.020259289845296912,6.086264604226584e-11
0.020185581254187585,6.113817159096667e-11
0.020120746971280863,6.138100647085215e-11
0.020059708507769662,6.161312810869002e-11
0.02001819977189862,6.176998919581174e-11
0.019876404694813356,6.231772560934747e-11
0.019862093315679553,6.237286418177704e-11
0.019852398173985725,6.241227874312374e-11
0.019802270267206212,6.261170308497139e-11
0.0196879222483687,6.306025095464086e-11
0.019666424899841443,6.314196837036911e-11
0.019635077120172467,6.326774057484351e-11
0.019524620227865535,6.371092562971634e-11
0.019472684081882772,6.392055619035553e-11
0.019396585837646144,6.423426710025832e-11
0.019362859922830582,6.437238055828927e-11
0.019280851872363836,6.470874458202314e-11
0.019202300553525096,6.503762131122868e-11
0.019161222880184486,6.521040949229433e-11
0.019090909468916537,6.550768648043821e-11
0.019090909468916537,6.679580103043022e-11
