"mass","coupling"
0.428508,0.022500055599802355
0.428508,0.05606613946143027
0.428508,0.05606613946143027
0.42422292000000045,0.10000000000000002
0.42422292000000045,0.10000000000000002
0.31423395835787393,0.10000000000000002
0.31423395835787393,0.10000000000000002
0.23276201244680023,0.10000000000000002
0.23276201244680023,0.10000000000000002
0.17241342953959854,0.10000000000000002
0.17241342953959854,0.10000000000000002
0.127711521193349,0.10000000000000002
0.127711521193349,0.10000000000000002
0.0945995488232732,0.10000000000000002
0.0945995488232732,0.10000000000000002
0.07007257100961463,0.10000000000000002
0.07007257100961463,0.10000000000000002
0.05190474234787785,0.10000000000000002
0.05190474234787785,0.10000000000000002
0.03844731596661304,0.10000000000000002
0.03844731596661304,0.10000000000000002
0.02847901825866621,0.10000000000000002
0.02847901825866621,0.10000000000000002
0.021095217197521634,0.10000000000000002
0.021095217197521634,0.10000000000000002
0.015625826163273574,0.10000000000000002
0.015625826163273574,0.10000000000000002
0.011574492976234007,0.10000000000000002
0.011574492976234007,0.10000000000000002
0.008573555488014228,0.10000000000000002
0.008573555488014228,0.10000000000000002
0.006350675909259169,0.10000000000000002
0.006350675909259169,0.10000000000000002
0.0047041259091198965,0.10000000000000002
0.0047041259091198965,0.10000000000000002
0.0034844795869034546,0.10000000000000002
0.0034844795869034546,0.10000000000000002
0.0025810529365312956,0.10000000000000002
0.0025810529365312956,0.10000000000000002
0.001911859172949549,0.10000000000000002
0.001911859172949549,0.10000000000000002
0.0014161683572842972,0.10000000000000002
0.0014161683572842972,0.10000000000000002
0.0010489961000000002,0.10000000000000002
0.0010489961000000002,0.10000000000000002
0.0010386099999999995,0.04167649187802122
0.0010386099999999995,0.04167649187802122
0.0010386099999999995,0.01736929975258769
0.0010386099999999995,0.01736929975258769
0.0010386099999999995,0.0072389148006563745
0.0010386099999999995,0.0072389148006563745
0.0010386099999999995,0.0030169257389524294
0.0010386099999999995,0.0030169257389524294
0.0010386099999999995,0.0012573488105604405
0.0010386099999999995,0.0012573488105604405
0.0010386099999999995,0.0005240188749116187
0.0010386099999999995,0.0005240188749116187
0.0010386099999999995,0.00021839268384183893
0.0010386099999999995,0.00021839268384183893
0.0010386099999999995,0.00009101840914353654
0.0010386099999999995,0.00009101840914353654
0.0010386099999999995,0.00003793327989421012
0.0010386099999999995,0.00003793327989421012
0.0010386099999999995,0.000015809260314177563
0.0010386099999999995,0.000015809260314177563
0.0010386099999999995,6.588745090813443e-6
0.0010386099999999995,6.588745090813443e-6
0.0010386099999999995,2.745957812636386e-6
0.0010386099999999995,2.745957812636386e-6
0.0010386099999999995,1.1444188847572922e-6
0.0010386099999999995,1.1444188847572922e-6
0.0010386099999999995,4.769536435564139e-7
0.0010386099999999995,4.769536435564139e-7
0.0010386099999999995,1.987775465187154e-7
0.0010386099999999995,1.987775465187154e-7
0.0010386099999999995,8.284350803020227e-8
0.0010386099999999995,8.284350803020227e-8
0.0010386099999999995,3.4526267895675035e-8
0.0010386099999999995,3.4526267895675035e-8
0.0010386099999999995,1.4389337235324878e-8
0.0010386099999999995,1.4389337235324878e-8
0.0010386099999999995,5.996970964181265e-9
0.0010386099999999995,5.996970964181265e-9
0.0010386099999999995,2.4993271168142908e-9
0.0010386099999999995,2.4993271168142908e-9
0.0010386099999999995,1.0416318628442914e-9
0.0010386099999999995,1.0416318628442914e-9
0.0010386099999999995,4.341156187171814e-10
0.0010386099999999995,4.341156187171814e-10
0.0010386099999999995,1.8092416057588795e-10
0.0010386099999999995,1.8092416057588795e-10
0.0010386099999999995,7.540284308778813e-11
0.0010386099999999995,7.540284308778813e-11
0.0010386099999999995,3.142525977527905e-11
0.0010386099999999995,3.142525977527905e-11
0.0010386099999999995,1.3096945837891262e-11
0.0010386099999999995,1.3096945837891262e-11
0.0010386099999999995,5.4583475683975985e-12
0.0010386099999999995,5.4583475683975985e-12
0.0010386099999999995,2.2748477810173893e-12
0.0010386099999999995,2.2748477810173893e-12
0.0010386099999999995,9.480767506930597e-13
0.0010386099999999995,9.480767506930597e-13
0.0010386099999999995,3.9512512999999976e-13
0.0010386099999999995,3.9512512999999976e-13
0.0010386099999999995,3.9121299999999947e-13
0.0010386099999999995,3.9121299999999947e-13
0.0011049400000000002,4.34125e-13
0.0011049400000000002,4.34125e-13
0.0011755,4.854719999999998e-13
0.0011755,4.854719999999998e-13
0.0012505700000000001,5.380310000000006e-13
0.0012505700000000001,5.380310000000006e-13
0.00133044,5.93223999999999e-13
0.00133044,5.93223999999999e-13
0.0014153999999999996,6.532380000000003e-13
0.0014153999999999996,6.532380000000003e-13
0.0015057899999999995,7.147170000000007e-13
0.0015057899999999995,7.147170000000007e-13
0.0016019500000000002,7.819820000000004e-13
0.0016019500000000002,7.819820000000004e-13
0.0017042499999999994,8.55578e-13
0.0017042499999999994,8.55578e-13
0.0018130900000000003,9.361010000000014e-13
0.0018130900000000003,9.361010000000014e-13
0.0019288700000000005,1.022889999999999e-12
0.0019288700000000005,1.022889999999999e-12
0.00205205,1.1040100000000017e-12
0.00205205,1.1040100000000017e-12
0.0021895799999999996,1.2303599999999982e-12
0.0021895799999999996,1.2303599999999982e-12
0.002323599999999999,1.3296400000000002e-12
0.002323599999999999,1.3296400000000002e-12
0.0024708299999999994,1.4658099999999996e-12
0.0024708299999999994,1.4658099999999996e-12
0.0026222899999999993,1.5926100000000008e-12
0.0026222899999999993,1.5926100000000008e-12
0.0027964899999999987,1.7637500000000029e-12
0.0027964899999999987,1.7637500000000029e-12
0.002980669999999999,1.9647700000000027e-12
0.002980669999999999,1.9647700000000027e-12
0.003165069999999999,2.1441699999999965e-12
0.003165069999999999,2.1441699999999965e-12
0.0033672000000000003,2.3460199999999977e-12
0.0033672000000000003,2.3460199999999977e-12
0.00358224,2.620069999999999e-12
0.00358224,2.620069999999999e-12
0.003811019999999999,2.9224400000000002e-12
0.003811019999999999,2.9224400000000002e-12
0.004054400000000001,3.2555300000000036e-12
0.004054400000000001,3.2555300000000036e-12
0.00431333,3.6265699999999967e-12
0.00431333,3.6265699999999967e-12
0.004588799999999999,4.045109999999994e-12
0.004588799999999999,4.045109999999994e-12
0.00488185,4.511940000000002e-12
0.00488185,4.511940000000002e-12
0.005193630000000001,5.058579999999995e-12
0.005193630000000001,5.058579999999995e-12
0.005525320000000001,5.6641700000000005e-12
0.005525320000000001,5.6641700000000005e-12
0.005878189999999998,6.350410000000007e-12
0.005878189999999998,6.350410000000007e-12
0.006253599999999999,7.138109999999992e-12
0.006253599999999999,7.138109999999992e-12
0.006652979999999998,8.002930000000003e-12
0.006652979999999998,8.002930000000003e-12
0.007077870000000001,8.995609999999994e-12
0.007077870000000001,8.995609999999994e-12
0.007529899999999997,1.0124399999999987e-11
0.007529899999999997,1.0124399999999987e-11
0.008010789999999997,1.1394900000000002e-11
0.008010789999999997,1.1394900000000002e-11
0.008522410000000001,1.2857799999999977e-11
0.008522410000000001,1.2857799999999977e-11
0.009066689999999997,1.452709999999999e-11
0.009066689999999997,1.452709999999999e-11
0.009645750000000003,1.6455399999999988e-11
0.009645750000000003,1.6455399999999988e-11
0.010261799999999998,1.8615799999999982e-11
0.010261799999999998,1.8615799999999982e-11
0.0109172,2.108680000000003e-11
0.0109172,2.108680000000003e-11
0.0116144,2.4008900000000024e-11
0.0116144,2.4008900000000024e-11
0.012356200000000001,2.7265799999999983e-11
0.012356200000000001,2.7265799999999983e-11
0.013145300000000006,3.100440000000004e-11
0.013145300000000006,3.100440000000004e-11
0.013984899999999995,3.5391700000000006e-11
0.013984899999999995,3.5391700000000006e-11
0.014878000000000006,4.050369999999999e-11
0.014878000000000006,4.050369999999999e-11
0.015828200000000004,4.617589999999993e-11
0.015828200000000004,4.617589999999993e-11
0.016839199999999995,5.2845699999999945e-11
0.016839199999999995,5.2845699999999945e-11
0.017914600000000003,6.04012e-11
0.017914600000000003,6.04012e-11
0.019058800000000004,6.930360000000012e-11
0.019058800000000004,6.930360000000012e-11
0.020275999999999995,7.962030000000013e-11
0.020275999999999995,7.962030000000013e-11
0.021571000000000003,9.123809999999998e-11
0.021571000000000003,9.123809999999998e-11
0.022948699999999995,1.0481999999999986e-10
0.022948699999999995,1.0481999999999986e-10
0.0244144,1.210440000000001e-10
0.0244144,1.210440000000001e-10
0.024788384242659965,1.253189194059887e-10
0.024788384242659965,1.253189194059887e-10
0.02517000252394884,1.2454560563726298e-10
0.02517000252394884,1.2454560563726298e-10
0.0271300021016448,1.2078006745526252e-10
0.0271300021016448,1.2078006745526252e-10
0.029010002303783634,1.2100001430346686e-10
0.029010002303783634,1.2100001430346686e-10
0.031510002023021254,1.2746409580675094e-10
0.031510002023021254,1.2746409580675094e-10
0.03395000181067079,1.4883995517640054e-10
0.03395000181067079,1.4883995517640054e-10
0.036470001983846714,1.920996477913715e-10
0.036470001983846714,1.920996477913715e-10
0.038380002112953795,2.566402925970983e-10
0.038380002112953795,2.566402925970983e-10
0.03982249648181899,3.8633576295713405e-10
0.03982249648181899,3.8633576295713405e-10
0.0400637,3.922390000000005e-10
0.0400637,3.922390000000005e-10
0.0426226,4.5822e-10
0.0426226,4.5822e-10
0.045344899999999994,5.353000000000008e-10
0.045344899999999994,5.353000000000008e-10
0.0482412,6.285670000000001e-10
0.0482412,6.285670000000001e-10
0.05132239999999999,7.409359999999991e-10
0.05132239999999999,7.409359999999991e-10
0.05460039999999999,8.655729999999987e-10
0.05460039999999999,8.655729999999987e-10
0.0580878,1.0190000000000003e-9
0.0580878,1.0190000000000003e-9
0.061797899999999996,1.1996300000000007e-9
0.061797899999999996,1.1996300000000007e-9
0.06574509999999999,1.4177200000000018e-9
0.06574509999999999,1.4177200000000018e-9
0.06994429999999999,1.675469999999998e-9
0.06994429999999999,1.675469999999998e-9
0.07441179999999999,1.9800699999999985e-9
0.07441179999999999,1.9800699999999985e-9
0.0791646,2.3400599999999957e-9
0.0791646,2.3400599999999957e-9
0.08422110000000001,2.7797400000000022e-9
0.08422110000000001,2.7797400000000022e-9
0.0896005,3.293559999999999e-9
0.0896005,3.293559999999999e-9
0.09414443747556552,3.779272909929525e-9
0.09414443747556552,3.779272909929525e-9
0.09423422314953195,3.777222720663267e-9
0.09423422314953195,3.777222720663267e-9
0.09455674002280491,3.7695947764298945e-9
0.09455674002280491,3.7695947764298945e-9
0.09487031641897266,3.762457569548147e-9
0.09487031641897266,3.762457569548147e-9
0.09516752846785391,3.755452493612189e-9
0.09516752846785391,3.755452493612189e-9
0.09541675811580097,3.749822291814458e-9
0.09541675811580097,3.749822291814458e-9
0.0959017157831917,3.738882426733964e-9
0.0959017157831917,3.738882426733964e-9
0.09611007733685298,3.734161564705752e-9
0.09611007733685298,3.734161564705752e-9
0.09628506163804704,3.7302713411891755e-9
0.09628506163804704,3.7302713411891755e-9
0.09694456144520026,3.7153963255465884e-9
0.09694456144520026,3.7153963255465884e-9
0.09706196130559414,3.712874064791695e-9
0.09706196130559414,3.712874064791695e-9
0.09716056548660122,3.7106465154109298e-9
0.09716056548660122,3.7106465154109298e-9
0.09799780395025848,3.6922909958688232e-9
0.09799780395025848,3.6922909958688232e-9
0.09802327282985343,3.691824527382676e-9
0.09802327282985343,3.691824527382676e-9
0.0982877851105121,3.6859986412575693e-9
0.0982877851105121,3.6859986412575693e-9
0.0989360040954147,3.6718220333548783e-9
0.0989360040954147,3.6718220333548783e-9
0.09899410528109838,3.670546497428502e-9
0.09899410528109838,3.670546497428502e-9
0.09906320434634007,3.669155509041384e-9
0.09906320434634007,3.669155509041384e-9
0.09983585273180244,3.6525623916769236e-9
0.09983585273180244,3.6525623916769236e-9
0.09997455295555696,3.6497369292985633e-9
0.09997455295555696,3.6497369292985633e-9
0.10013536860443606,3.6473168440690703e-9
0.10013536860443606,3.6473168440690703e-9
0.1007661889624523,3.6386867748618362e-9
0.1007661889624523,3.6386867748618362e-9
0.10096471108337658,3.63592946772816e-9
0.10096471108337658,3.63592946772816e-9
0.10118748127079215,3.6330594945956594e-9
0.10118748127079215,3.6330594945956594e-9
0.10170959960221591,3.6258944688713365e-9
0.10170959960221591,3.6258944688713365e-9
0.10196467583787373,3.622517487319097e-9
0.10196467583787373,3.622517487319097e-9
0.1022506483835255,3.6188578770541585e-9
0.1022506483835255,3.6188578770541585e-9
0.10266283086678876,3.61337539251978e-9
0.10266283086678876,3.61337539251978e-9
0.10297454434487519,3.609268980511712e-9
0.10297454434487519,3.609268980511712e-9
0.1033249860906387,3.6047117735886043e-9
0.1033249860906387,3.6047117735886043e-9
0.10362374924617883,3.600615207330007e-9
0.10362374924617883,3.600615207330007e-9
0.10399441469215172,3.595728187478261e-9
0.10399441469215172,3.595728187478261e-9
0.10441186787886753,3.5903374455264772e-9
0.10441186787886753,3.5903374455264772e-9
0.10459416509449639,3.5880134121382168e-9
0.10459416509449639,3.5880134121382168e-9
0.10502438593894539,3.582577656242436e-9
0.10502438593894539,3.582577656242436e-9
0.10550891331090863,3.576302828333395e-9
0.10550891331090863,3.576302828333395e-9
0.10557341467437395,3.575399255354185e-9
0.10557341467437395,3.575399255354185e-9
0.10606455812559118,3.569362476529545e-9
0.10606455812559118,3.569362476529545e-9
0.10656285795179234,3.563054523137239e-9
0.10656285795179234,3.563054523137239e-9
0.1066177418259922,3.562266813192061e-9
0.1066177418259922,3.562266813192061e-9
0.10711503228323346,3.5559713996059544e-9
0.10711503228323346,3.5559713996059544e-9
0.1075607979698935,3.550584186605207e-9
0.1075607979698935,3.550584186605207e-9
0.10773796416298212,3.5483419240078804e-9
0.10773796416298212,3.5483419240078804e-9
0.10817591044363944,3.5429662694831725e-9
0.10817591044363944,3.5429662694831725e-9
0.10856782227309572,3.538101617433846e-9
0.10856782227309572,3.538101617433846e-9
0.1088699565680938,3.5344714671694763e-9
0.1088699565680938,3.5344714671694763e-9
0.10924729564910941,3.5307892794060277e-9
0.10924729564910941,3.5307892794060277e-9
0.10959877755071269,3.5287267009494626e-9
0.10959877755071269,3.5287267009494626e-9
0.10998605228979387,3.5264982417771572e-9
0.10998605228979387,3.5264982417771572e-9
0.11032929196248495,3.5245494944699105e-9
0.11032929196248495,3.5245494944699105e-9
0.11065576270778335,3.522768725041072e-9
0.11065576270778335,3.522768725041072e-9
0.11110556960814266,3.52021044515419e-9
0.11110556960814266,3.52021044515419e-9
0.11142200447725661,3.5184318680187007e-9
0.11142200447725661,3.5184318680187007e-9
0.1117221351238672,3.5166541895046397e-9
0.1117221351238672,3.5166541895046397e-9
0.11223675223300805,3.5138783647451915e-9
0.11223675223300805,3.5138783647451915e-9
0.11252553932777158,3.5122139217094075e-9
0.11252553932777158,3.5122139217094075e-9
0.11279986963040789,3.5107720421598218e-9
0.11279986963040789,3.5107720421598218e-9
0.1133802700086005,3.5073914940168164e-9
0.1133802700086005,3.5073914940168164e-9
0.11364000369954232,3.506006964061484e-9
0.11364000369954232,3.506006964061484e-9
0.11389293313896073,3.5058962252783526e-9
0.11389293313896073,3.5058962252783526e-9
0.1145128428330915,3.505453305122107e-9
0.1145128428330915,3.505453305122107e-9
0.11476550583965772,3.505121151726859e-9
0.11476550583965772,3.505121151726859e-9
0.11501651237669558,3.5050104409225272e-9
0.11501651237669558,3.5050104409225272e-9
0.11565088533813098,3.5046783294901397e-9
0.11565088533813098,3.5046783294901397e-9
0.11590215506729652,3.5045676326725325e-9
0.11590215506729652,3.5045676326725325e-9
0.1161520143910666,3.504290905925051e-9
0.1161520143910666,3.504290905925051e-9
0.11680051888061366,3.5038481885780753e-9
0.11680051888061366,3.5038481885780753e-9
0.11705006178434593,3.5036821839930724e-9
0.11705006178434593,3.5036821839930724e-9
0.11729929112966477,3.5036821839930724e-9
0.11729929112966477,3.5036821839930724e-9
0.11796044511111319,3.5032395435494734e-9
0.11796044511111319,3.5032395435494734e-9
0.11820933748612453,3.5032395435494734e-9
0.11820933748612453,3.5032395435494734e-9
0.11846844620636642,3.505121151726859e-9
0.11846844620636642,3.505121151726859e-9
0.11909434605698353,3.509885025901474e-9
0.11909434605698353,3.509885025901474e-9
0.11938009477221209,3.5121029868767817e-9
0.11938009477221209,3.5121029868767817e-9
0.11968956566666974,3.5143223494224685e-9
0.11968956566666974,3.5143223494224685e-9
0.12022988921191663,3.518320736789486e-9
0.12022988921191663,3.518320736789486e-9
0.1205624473573857,3.52065522990089e-9
0.1205624473573857,3.52065522990089e-9
0.12092239902057271,3.5233807630261426e-9
0.12092239902057271,3.5233807630261426e-9
0.12137625956645587,3.5267767221929228e-9
0.12137625956645587,3.5267767221929228e-9
0.1217565100826655,3.529562736144008e-9
0.1217565100826655,3.529562736144008e-9
0.12216851877299553,3.5325741032474854e-9
0.12216851877299553,3.5325741032474854e-9
0.12253297070191009,3.5353646969000165e-9
0.12253297070191009,3.5353646969000165e-9
0.12296239892646856,3.5384927790066605e-9
0.12296239892646856,3.5384927790066605e-9
0.12342837087722919,3.541959241287201e-9
0.12342837087722919,3.541959241287201e-9
0.12370130052394554,3.543861646015628e-9
0.12370130052394554,3.543861646015628e-9
0.12418023101587401,3.5473333678731076e-9
0.12418023101587401,3.5473333678731076e-9
0.1246997148877767,3.5510888909280034e-9
0.1246997148877767,3.5510888909280034e-9
0.12488077016055682,3.5523790168275616e-9
0.12488077016055682,3.5523790168275616e-9
0.1254101246379995,3.556308371688405e-9
0.1254101246379995,3.556308371688405e-9
0.1259847603309846,3.5603545282593495e-9
0.1259847603309846,3.5603545282593495e-9
0.12607118248788599,3.5609730963180827e-9
0.12607118248788599,3.5609730963180827e-9
0.1266521992514903,3.5653060828968583e-9
0.1266521992514903,3.5653060828968583e-9
0.1272732485224897,3.5695315930491292e-9
0.1272732485224897,3.5695315930491292e-9
0.1272839670906187,3.5698134717213898e-9
0.1272839670906187,3.5698134717213898e-9
0.12790657549812215,3.5820119054707677e-9
0.12790657549812215,3.5820119054707677e-9
0.12841291000679042,3.591641830595086e-9
0.12841291000679042,3.591641830595086e-9
0.12869376512624411,3.5970913393369752e-9
0.12869376512624411,3.5970913393369752e-9
0.12917337521451946,3.6061922343323148e-9
0.12917337521451946,3.6061922343323148e-9
0.12956308826989935,3.6138319488205405e-9
0.12956308826989935,3.6138319488205405e-9
0.1301185519364694,3.6244631603003974e-9
0.1301185519364694,3.6244631603003974e-9
0.13045272144398856,3.630879830193826e-9
0.13045272144398856,3.630879830193826e-9
0.1307229394689416,3.6362740168222608e-9
0.1307229394689416,3.6362740168222608e-9
0.1315594293067618,3.652100942335212e-9
0.1315594293067618,3.652100942335212e-9
0.1317447384484694,3.6557364346244492e-9
0.1317447384484694,3.6557364346244492e-9
0.13189476042674916,3.6585665415503247e-9
0.13189476042674916,3.6585665415503247e-9
0.1330159422889808,3.679891355116993e-9
0.1330159422889808,3.679891355116993e-9
0.1330495517206049,3.680646946101874e-9
0.1330495517206049,3.680646946101874e-9
0.133076445380163,3.6811120022810764e-9
0.133076445380163,3.6811120022810764e-9
0.13332643196478225,3.6859986412575693e-9
0.13332643196478225,3.6859986412575693e-9
0.13426774821802787,3.7039718826095456e-9
0.13426774821802787,3.7039718826095456e-9
0.13436728799592967,3.705844250740597e-9
0.13436728799592967,3.705844250740597e-9
0.13449019850494587,3.70818604195826e-9
0.13449019850494587,3.70818604195826e-9
0.13547134539813024,3.726679435561588e-9
0.13547134539813024,3.726679435561588e-9
0.13569807526518007,3.731214053358725e-9
0.13569807526518007,3.731214053358725e-9
0.1359791584459846,3.736403230476553e-9
0.1359791584459846,3.736403230476553e-9
0.13666304102662447,3.753614341299969e-9
0.13666304102662447,3.753614341299969e-9
0.13704204278672555,3.76644084224347e-9
0.13704204278672555,3.76644084224347e-9
0.13759844567087937,3.7853443248358284e-9
0.13759844567087937,3.7853443248358284e-9
0.13780253929544914,3.792045815205928e-9
0.13780253929544914,3.792045815205928e-9
0.1383993210991237,3.812221555396895e-9
0.1383993210991237,3.812221555396895e-9
0.13895220737976885,3.8307497709641e-9
0.13895220737976885,3.8307497709641e-9
0.1392745429942471,3.841715741230753e-9
0.1392745429942471,3.841715741230753e-9
0.1397700420337993,3.858436854270393e-9
0.1397700420337993,3.858436854270393e-9
0.14011079274834543,3.869970997887462e-9
0.14011079274834543,3.869970997887462e-9
0.14097207456312827,3.89911137306317e-9
0.14097207456312827,3.89911137306317e-9
0.14115433872784888,3.905335769783609e-9
0.14115433872784888,3.905335769783609e-9
0.14127971828132238,3.909470306067514e-9
0.14127971828132238,3.909470306067514e-9
0.14194995097878285,3.932319673619841e-9
0.14194995097878285,3.932319673619841e-9
0.14245771046700967,3.949497515149831e-9
0.14245771046700967,3.949497515149831e-9
0.14255234563697214,3.952617461787733e-9
0.14255234563697214,3.952617461787733e-9
0.14269098295342997,3.957489500650205e-9
0.14269098295342997,3.957489500650205e-9
0.14364621601942207,3.989808519959019e-9
0.14364621601942207,3.989808519959019e-9
0.14396419854853204,4.000724316025101e-9
0.14396419854853204,4.000724316025101e-9
0.14442980789071247,4.016551370682386e-9
0.14442980789071247,4.016551370682386e-9
0.1448439400949859,4.030658273844847e-9
0.1448439400949859,4.030658273844847e-9
0.14539003459474312,4.0491608720741935e-9
0.14539003459474312,4.0491608720741935e-9
0.1460523536408154,4.071797655358038e-9
0.1460523536408154,4.071797655358038e-9
0.14619122905366186,4.076752212473422e-9
0.14619122905366186,4.076752212473422e-9
0.1468299922659913,4.098442745096235e-9
0.1468299922659913,4.098442745096235e-9
0.14727014012413442,4.113486857048371e-9
0.14727014012413442,4.113486857048371e-9
0.14785866083776542,4.133677337488874e-9
0.14785866083776542,4.133677337488874e-9
0.1480266060537204,4.133805699166981e-9
0.1480266060537204,4.133805699166981e-9
0.14831340488863587,4.133936271375444e-9
0.14831340488863587,4.133936271375444e-9
0.14859829046137504,4.1343280127472365e-9
0.14859829046137504,4.1343280127472365e-9
0.14929615643198735,4.1348503923227115e-9
0.14929615643198735,4.1348503923227115e-9
0.14958044446030108,4.1349809975293125e-9
0.14958044446030108,4.1349809975293125e-9
0.1498627838876619,4.135372837901774e-9
0.1498627838876619,4.135372837901774e-9
0.15057659511071542,4.135895349492749e-9
0.15057659511071542,4.135895349492749e-9
0.15085830833525415,4.136025987705829e-9
0.15085830833525415,4.136025987705829e-9
0.1511380374890501,4.136417927103949e-9
0.1511380374890501,4.136417927103949e-9
0.1518680154734276,4.1369405707437725e-9
0.1518680154734276,4.1369405707437725e-9
0.15214708898538326,4.137071241971656e-9
0.15214708898538326,4.137071241971656e-9
0.15242572563367437,4.137136579133394e-9
0.15242572563367437,4.137136579133394e-9
0.1531705117045508,4.137986056142564e-9
0.1531705117045508,4.137986056142564e-9
0.15344687967256285,4.138116760393625e-9
0.15344687967256285,4.138116760393625e-9
0.15372278852357946,4.138182114067335e-9
0.15372278852357946,4.138182114067335e-9
0.1544841787962848,4.1390318057558636e-9
0.1544841787962848,4.1390318057558636e-9
0.15475777445540245,4.1311951209025026e-9
0.15475777445540245,4.1311951209025026e-9
0.15513749846232536,4.117646666368944e-9
0.15513749846232536,4.117646666368944e-9
0.15561314078198663,4.100644040008546e-9
0.15561314078198663,4.100644040008546e-9
0.15607986819605302,4.083969604961054e-9
0.15607986819605302,4.083969604961054e-9
0.15674123819059846,4.060816201566062e-9
0.15674123819059846,4.060816201566062e-9
0.1567510042501092,4.060431425683609e-9
0.1567510042501092,4.060431425683609e-9
0.15741325656707167,4.037283944749177e-9
0.15741325656707167,4.037283944749177e-9
0.15787816936740387,4.021502215169711e-9
0.15787816936740387,4.021502215169711e-9
0.15838162021811403,4.003947963541498e-9
0.15838162021811403,4.003947963541498e-9
0.15875803605834507,3.9911319689375745e-9
0.15875803605834507,3.9911319689375745e-9
0.1590216960218322,3.98225436877981e-9
0.1590216960218322,3.98225436877981e-9
0.16002786940133754,3.9484996524387035e-9
0.16002786940133754,3.9484996524387035e-9
0.16011430398407178,3.945507576744168e-9
0.16011430398407178,3.945507576744168e-9
0.16017417065721495,3.943514119343458e-9
0.16017417065721495,3.943514119343458e-9
0.160513838195605,3.932319673619841e-9
0.160513838195605,3.932319673619841e-9
0.16079677674767176,3.922829383481938e-9
0.16079677674767176,3.922829383481938e-9
0.1613360027981457,3.905335769783609e-9
0.1613360027981457,3.905335769783609e-9
0.1614821584898043,3.9005279370304935e-9
0.1614821584898043,3.9005279370304935e-9
0.1616922374364357,3.893634731704903e-9
0.1616922374364357,3.893634731704903e-9
0.16250457487025574,3.8672216496880846e-9
0.16250457487025574,3.8672216496880846e-9
0.16286169855955138,3.8559392795405036e-9
0.16286169855955138,3.8559392795405036e-9
0.16337425501283084,3.839471529102242e-9
0.16337425501283084,3.839471529102242e-9
0.16368297078375302,3.829721427380194e-9
0.16368297078375302,3.829721427380194e-9
0.16425302402294095,3.811860334686547e-9
0.16425302402294095,3.811860334686547e-9
0.16486956938491962,3.792524946827081e-9
0.16486956938491962,3.792524946827081e-9
0.16507239860742362,3.786300955020221e-9
0.16507239860742362,3.786300955020221e-9
0.1656562355624441,3.768285275718385e-9
0.1656562355624441,3.768285275718385e-9
0.16606545985831406,3.755808368984937e-9
0.16606545985831406,3.755808368984937e-9
0.1667892322111389,3.733689806468342e-9
0.1667892322111389,3.733689806468342e-9
0.16707143472066122,3.7252083424939304e-9
0.16707143472066122,3.7252083424939304e-9
0.16726828783946424,3.7191535613909543e-9
0.16726828783946424,3.7191535613909543e-9
0.1683811839086576,3.6859986412575693e-9
0.1683811839086576,3.6859986412575693e-9
0.16848122764134418,3.683089146681083e-9
0.16848122764134418,3.683089146681083e-9
0.1684987239076697,3.682623840717788e-9
0.1684987239076697,3.682623840717788e-9
0.1685242717194078,3.6817515504741446e-9
0.1685242717194078,3.6817515504741446e-9
0.16970261058719852,3.6473168440690703e-9
0.16970261058719852,3.6473168440690703e-9
0.169938206408435,3.6405261411885806e-9
0.169938206408435,3.6405261411885806e-9
0.17027594558339104,3.6307651472459245e-9
0.17027594558339104,3.6307651472459245e-9
0.17093355779030292,3.612006069664761e-9
0.17093355779030292,3.612006069664761e-9
0.17138998639028474,3.5989096790549207e-9
0.17138998639028474,3.5989096790549207e-9
0.17204689861823003,3.5803151891501424e-9
0.17204689861823003,3.5803151891501424e-9
0.17217164586956488,3.5767547004508167e-9
0.17217164586956488,3.5767547004508167e-9
0.17285416891044675,3.557768953079501e-9
0.17285416891044675,3.557768953079501e-9
0.17342014219082094,3.542071119172623e-9
0.17342014219082094,3.542071119172623e-9
0.17383663145901593,3.5305104821517624e-9
0.17383663145901593,3.5305104821517624e-9
0.17433085992365147,3.517098524912243e-9
0.17433085992365147,3.517098524912243e-9
0.17467732916117235,3.50766846561144e-9
0.17467732916117235,3.50766846561144e-9
0.17564352301726377,3.4816185271741865e-9
0.17564352301726377,3.4816185271741865e-9
0.17582016628979918,3.4768930183711716e-9
0.17582016628979918,3.4768930183711716e-9
0.17594436075858086,3.473709669277164e-9
0.17594436075858086,3.473709669277164e-9
0.176637070544748,3.4551071914368948e-9
0.176637070544748,3.4551071914368948e-9
0.17721874256215742,3.4398080036287844e-9
0.17721874256215742,3.4398080036287844e-9
0.17732219578169311,3.437147118731874e-9
0.17732219578169311,3.437147118731874e-9
0.17747030148013762,3.4332409809331187e-9
0.17747030148013762,3.4332409809331187e-9
0.17850383771838363,3.4064523864655293e-9
0.17850383771838363,3.4064523864655293e-9
0.17883705709283806,3.3978555720248732e-9
0.17883705709283806,3.3978555720248732e-9
0.1793164517413405,3.385482179800655e-9
0.1793164517413405,3.385482179800655e-9
0.17979787828427327,3.3733669408656407e-9
0.17979787828427327,3.3733669408656407e-9
0.1803648598453062,3.3590131843411142e-9
0.1803648598453062,3.3590131843411142e-9
0.18091559334918914,3.3451431146774234e-9
0.18091559334918914,3.3451431146774234e-9
0.1811020520658806,3.340708358097982e-9
0.1811020520658806,3.340708358097982e-9
0.1811803016111119,3.338598636146254e-9
0.1811803016111119,3.338598636146254e-9
0.1819057145976696,3.3175745561368103e-9
0.1819057145976696,3.3175745561368103e-9
0.18230774638658673,3.2935084704705447e-9
0.18230774638658673,3.2935084704705447e-9
0.18325257774027875,3.2386788130356247e-9
0.18325257774027875,3.2386788130356247e-9
0.18339535261804132,3.2300462654567466e-9
0.18339535261804132,3.2300462654567466e-9
0.18345973285300093,3.2263245332861307e-9
0.18345973285300093,3.2263245332861307e-9
0.18362211706263826,3.2169627442052934e-9
0.18362211706263826,3.2169627442052934e-9
0.18448906410586335,3.1677568770895596e-9
0.18448906410586335,3.1677568770895596e-9
0.18502702706694216,3.1377825593923996e-9
0.18502702706694216,3.1377825593923996e-9
0.18558891270340652,3.1066196368286088e-9
0.18558891270340652,3.1066196368286088e-9
0.18638616206671135,3.0633559888584277e-9
0.18638616206671135,3.0633559888584277e-9
0.1866077106558424,3.0514777227112103e-9
0.1866077106558424,3.0514777227112103e-9
0.18669609362109016,3.046758569501761e-9
0.18669609362109016,3.046758569501761e-9
0.18690248336628124,3.0358075373180053e-9
0.18690248336628124,3.0358075373180053e-9
0.187403109173223,3.0092671344537217e-9
0.187403109173223,3.0092671344537217e-9
0.18780987972637153,2.988050957634709e-9
0.18780987972637153,2.988050957634709e-9
0.18820189800496528,2.967499838057945e-9
0.18820189800496528,2.967499838057945e-9
0.18876558416340897,2.9391883140742183e-9
0.18876558416340897,2.9391883140742183e-9
0.18893031042428612,2.9304745754376417e-9
0.18893031042428612,2.9304745754376417e-9
0.18919299272073453,2.9169455975485036e-9
0.18919299272073453,2.9169455975485036e-9
0.1898097044767663,2.8860153675711965e-9
0.1898097044767663,2.8860153675711965e-9
0.19063141988288776,2.845644145551604e-9
0.19063141988288776,2.845644145551604e-9
0.19118888197731024,2.8183616554966932e-9
0.19118888197731024,2.8183616554966932e-9
0.19143124641924092,2.8066353977220756e-9
0.19143124641924092,2.8066353977220756e-9
0.19204129438506132,2.7776204938300668e-9
0.19204129438506132,2.7776204938300668e-9
0.19232947102821338,2.7640549953536054e-9
0.19232947102821338,2.7640549953536054e-9
0.19306664117434413,2.729611206401438e-9
0.19306664117434413,2.729611206401438e-9
0.1934760609358691,2.7107091418357453e-9
0.1934760609358691,2.7107091418357453e-9
0.1938895702998664,2.691937970652995e-9
0.1938895702998664,2.691937970652995e-9
0.1944299076723739,2.667392614179373e-9
0.1944299076723739,2.667392614179373e-9
0.19463029477223576,2.658476824586733e-9
0.19463029477223576,2.658476824586733e-9
0.19471600708648176,2.654575062650572e-9
0.19471600708648176,2.654575062650572e-9
0.19493328693397904,2.6448665778989173e-9
0.19493328693397904,2.6448665778989173e-9
0.19576864478127393,2.604946115358267e-9
0.19576864478127393,2.604946115358267e-9
0.19637946351107444,2.572566289592974e-9
0.19637946351107444,2.572566289592974e-9
0.19778090896453177,2.5003067826667825e-9
0.19778090896453177,2.5003067826667825e-9
0.19796008041445762,2.491005131455817e-9
0.19796008041445762,2.491005131455817e-9
0.19805713082319465,2.4859746501649267e-9
0.19805713082319465,2.4859746501649267e-9
0.19837493331234243,2.4700076896796463e-9
0.19837493331234243,2.4700076896796463e-9
0.19906291313352506,2.4357250757855667e-9
0.19906291313352506,2.4357250757855667e-9
0.19974913042627768,2.402297653616694e-9
0.19974913042627768,2.402297653616694e-9
0.20017396834502263,2.381859863574795e-9
0.20017396834502263,2.381859863574795e-9
0.20060054305885716,2.3614840628990347e-9
0.20060054305885716,2.3614840628990347e-9
0.20098753325661367,2.3436872300753384e-9
0.20098753325661367,2.3436872300753384e-9
0.20129080678303027,2.329149077308284e-9
0.20129080678303027,2.329149077308284e-9
0.20145558476090675,2.3215105200742945e-9
0.20145558476090675,2.3215105200742945e-9
0.20199267458987777,2.296712700303476e-9
0.20199267458987777,2.296712700303476e-9
0.20241345606222214,2.277568815914015e-9
0.20241345606222214,2.277568815914015e-9
0.20317661731367354,2.2433693259305592e-9
0.20317661731367354,2.2433693259305592e-9
0.20424614658749812,2.1968783472881023e-9
0.20424614658749812,2.1968783472881023e-9
0.20467927376120143,2.1779473956240718e-9
0.20467927376120143,2.1779473956240718e-9
0.20491235262611412,2.167858335772309e-9
0.20491235262611412,2.167858335772309e-9
0.20567468359299895,2.1357109473750264e-9
0.20567468359299895,2.1357109473750264e-9
0.20581953900834746,2.129614675728544e-9
0.20581953900834746,2.129614675728544e-9
0.20666291630372138,2.0948890178963587e-9
0.20666291630372138,2.0948890178963587e-9
0.2069683058371031,2.082518988462494e-9
0.2069683058371031,2.082518988462494e-9
0.20754379832433997,2.0593956844266868e-9
0.20754379832433997,2.0593956844266868e-9
0.20755759185610625,2.0592655926312153e-9
0.20755759185610625,2.0592655926312153e-9
0.2081230521875865,2.036432644351546e-9
0.2081230521875865,2.036432644351546e-9
0.2084284350250343,2.024407791705172e-9
0.2084284350250343,2.024407791705172e-9
0.20919863308750214,1.9937263120388627e-9
0.20919863308750214,1.9937263120388627e-9
0.20927076760051003,1.9903914968137324e-9
0.20927076760051003,1.9903914968137324e-9
0.20952648036338903,1.9786072624315262e-9
0.20952648036338903,1.9786072624315262e-9
0.2102090365508051,1.9476046316877416e-9
0.2102090365508051,1.9476046316877416e-9
0.2105970673397806,1.930272919403802e-9
0.2105970673397806,1.930272919403802e-9
0.21145519051361,1.892540655052571e-9
0.21145519051361,1.892540655052571e-9
0.21200484973324457,1.8687800000393306e-9
0.21200484973324457,1.8687800000393306e-9
0.21255461341918822,1.8453468009060457e-9
0.21255461341918822,1.8453468009060457e-9
0.21343268082277325,1.8093603645476512e-9
0.21343268082277325,1.8093603645476512e-9
0.21366152752351258,1.799443479767222e-9
0.21366152752351258,1.799443479767222e-9
0.21381600452534616,1.7930889692207053e-9
0.21381600452534616,1.7930889692207053e-9
0.21452099911175976,1.7646308778791483e-9
0.21452099911175976,1.7646308778791483e-9
0.21477331397236019,1.7546265892798432e-9
0.21477331397236019,1.7546265892798432e-9
0.21564263199029024,1.7205179888420244e-9
0.21564263199029024,1.7205179888420244e-9
0.21589178233512232,1.7109799491107029e-9
0.21589178233512232,1.7109799491107029e-9
0.21628850627801968,1.69602178836306e-9
0.21628850627801968,1.69602178836306e-9
0.21701472319768225,1.6683399806649485e-9
0.21701472319768225,1.6683399806649485e-9
0.21748486431092845,1.6508841450380066e-9
0.21748486431092845,1.6508841450380066e-9
0.21814305188496455,1.626736967538602e-9
0.21814305188496455,1.626736967538602e-9
0.21907878173401152,1.5897827558090499e-9
0.21907878173401152,1.5897827558090499e-9
0.21923262226354662,1.5837183628759959e-9
0.21923262226354662,1.5837183628759959e-9
0.21934283479934855,1.5794720905660543e-9
0.21934283479934855,1.5794720905660543e-9
0.21999796401409127,1.554134298055127e-9
0.21999796401409127,1.554134298055127e-9
0.2203248892922027,1.5416912789611951e-9
0.2203248892922027,1.5416912789611951e-9
0.22121667790652197,1.5084785197032768e-9
0.22121667790652197,1.5084785197032768e-9
0.22171526084115104,1.4901985505193255e-9
0.22171526084115104,1.4901985505193255e-9
0.22252716268442446,1.4610225494048096e-9
0.22252716268442446,1.4610225494048096e-9
0.2231065292320333,1.4397661288348551e-9
0.2231065292320333,1.4397661288348551e-9
0.22361076475591604,1.4210390323691626e-9
0.22361076475591604,1.4210390323691626e-9
0.22428097030379632,1.3968523132204686e-9
0.22428097030379632,1.3968523132204686e-9
0.22469451021897766,1.3819096464866148e-9
0.22469451021897766,1.3819096464866148e-9
0.22501252553389234,1.3707156344621242e-9
0.22501252553389234,1.3707156344621242e-9
0.22578585271538143,1.3439638395954513e-9
0.22578585271538143,1.3439638395954513e-9
0.22680664587093327,1.3093532967599477e-9
0.22680664587093327,1.3093532967599477e-9
0.22688013989681874,1.3069567775135333e-9
0.22688013989681874,1.3069567775135333e-9
0.22693480473843122,1.305017988318717e-9
0.22693480473843122,1.305017988318717e-9
0.22736929241669834,1.2904461644758388e-9
0.22736929241669834,1.2904461644758388e-9
0.22795700492583515,1.2700056241380986e-9
0.22795700492583515,1.2700056241380986e-9
0.2288735059502846,1.2385118094180893e-9
0.2288735059502846,1.2385118094180893e-9
0.22902376008468764,1.2334756530191909e-9
0.22902376008468764,1.2334756530191909e-9
0.2292074322067067,1.2273352304393306e-9
0.2292074322067067,1.2273352304393306e-9
0.2298490586038205,1.2061977683074857e-9
0.2298490586038205,1.2061977683074857e-9
0.23009694087976604,1.198053177564143e-9
0.23009694087976604,1.198053177564143e-9
0.2304149457228957,1.1882734074590945e-9
0.2304149457228957,1.1882734074590945e-9
0.2308287694624568,1.1746155243264492e-9
0.2308287694624568,1.1746155243264492e-9
0.2311761107108032,1.1636847065191575e-9
0.2311761107108032,1.1636847065191575e-9
0.23161246541581218,1.1504547868058935e-9
0.23161246541581218,1.1504547868058935e-9
0.23225021246185548,1.1299273562384583e-9
0.23225021246185548,1.1299273562384583e-9
0.23280073676647312,1.1123982864151848e-9
0.23280073676647312,1.1123982864151848e-9
0.23331137577487515,1.0965083526835804e-9
0.23331137577487515,1.0965083526835804e-9
0.23390958964060363,1.0783901444846685e-9
0.23390958964060363,1.0783901444846685e-9
0.2343793346559853,1.064144979544109e-9
0.2343793346559853,1.064144979544109e-9
0.23478955056261933,1.0519802683105002e-9
0.23478955056261933,1.0519802683105002e-9
0.23545267100435271,1.0327531193817253e-9
0.23545267100435271,1.0327531193817253e-9
0.23622557182336076,1.0108396410348206e-9
0.23622557182336076,1.0108396410348206e-9
0.2365260103808298,1.002129028356545e-9
0.2365260103808298,1.002129028356545e-9
0.236795354770268,9.94215488871272e-10
0.236795354770268,9.94215488871272e-10
0.2375815444431249,9.71706850603928e-10
0.2375815444431249,9.71706850603928e-10
0.23845352812883402,9.47520510191327e-10
0.23845352812883402,9.47520510191327e-10
0.2386393109088117,9.42133817104784e-10
0.2386393109088117,9.42133817104784e-10
0.23881829453829315,9.372512913577068e-10
0.23881829453829315,9.372512913577068e-10
0.23970377807805665,9.135185194328216e-10
0.23970377807805665,9.135185194328216e-10
0.2406825022426342,8.881676982059541e-10
0.2406825022426342,8.881676982059541e-10
0.24077249333234016,8.857583612983874e-10
0.24077249333234016,8.857583612983874e-10
0.2408585162555736,8.835508931257663e-10
0.2408585162555736,8.835508931257663e-10
0.24180278178133238,8.576761003788458e-10
0.24180278178133238,8.576761003788458e-10
0.24274671603439993,8.325327543328605e-10
0.24274671603439993,8.325327543328605e-10
0.24283041837932917,8.303005640238316e-10
0.24283041837932917,8.303005640238316e-10
0.24291616756158696,8.280743586728116e-10
0.24291616756158696,8.280743586728116e-10
0.2438619158649766,8.03786113127063e-10
0.2438619158649766,8.03786113127063e-10
0.24481236312714366,7.803827908142789e-10
0.24481236312714366,7.803827908142789e-10
0.24489982941047375,7.781675197309157e-10
0.24489982941047375,7.781675197309157e-10
0.24499139735709255,7.759095199190214e-10
0.24499139735709255,7.759095199190214e-10
0.24587015097055465,7.516897179880395e-10
0.24587015097055465,7.516897179880395e-10
0.24652258013553704,7.314995080128698e-10
0.24652258013553704,7.314995080128698e-10
0.24676230602656699,7.242803651818996e-10
0.24676230602656699,7.242803651818996e-10
0.24708435581490748,7.14577432860506e-10
0.24708435581490748,7.14577432860506e-10
0.24765769832240234,6.978704574968935e-10
0.24765769832240234,6.978704574968935e-10
0.2480880628732292,6.856782806098727e-10
0.2480880628732292,6.856782806098727e-10
0.2485563396045854,6.724235515132481e-10
0.2485563396045854,6.724235515132481e-10
0.249195194390773,6.549207038869093e-10
0.249195194390773,6.549207038869093e-10
0.2494582416622644,6.479045326713795e-10
0.2494582416622644,6.479045326713795e-10
0.2496551908280098,6.427273010439804e-10
0.2496551908280098,6.427273010439804e-10
0.2501804563461855,6.237276940663431e-10
0.2501804563461855,6.237276940663431e-10
0.2502194280844025,6.215545252736612e-10
0.2502194280844025,6.215545252736612e-10
0.25058189592794894,6.02466776605276e-10
0.25058189592794894,6.02466776605276e-10
0.2507682742883049,5.92408964200203e-10
0.2507682742883049,5.92408964200203e-10
0.2513110172282432,5.649511892375915e-10
0.2513110172282432,5.649511892375915e-10
0.251315714648382,5.647281768233417e-10
0.251315714648382,5.647281768233417e-10
0.25131780241884927,5.646211621360814e-10
0.25131780241884927,5.646211621360814e-10
0.2513240658343151,5.64335888768241e-10
0.2513240658343151,5.64335888768241e-10
0.25186958095266077,5.38153785074185e-10
0.25186958095266077,5.38153785074185e-10
0.25205901099815453,5.293535279990433e-10
0.25205901099815453,5.293535279990433e-10
0.25242257093885406,5.129271019421555e-10
0.25242257093885406,5.129271019421555e-10
0.2524493085541913,5.116730378522955e-10
0.2524493085541913,5.116730378522955e-10
0.2528150066024083,4.961947519269785e-10
0.2528150066024083,4.961947519269785e-10
0.2529767750372228,4.888829535418184e-10
0.2529767750372228,4.888829535418184e-10
0.2534711242000978,4.682823674832736e-10
0.2534711242000978,4.682823674832736e-10
0.2535295632085318,4.659291134883509e-10
0.2535295632085318,4.659291134883509e-10
0.2535553648951102,4.6511304604041793e-10
0.2535553648951102,4.6511304604041793e-10
0.2535922290024527,4.634266418619102e-10
0.2535922290024527,4.634266418619102e-10
0.25408567006006333,4.440810456505389e-10
0.25408567006006333,4.440810456505389e-10
0.25430634157970267,4.359783023840439e-10
0.25430634157970267,4.359783023840439e-10
0.25455152198044134,4.2659946672856284e-10
0.25455152198044134,4.2659946672856284e-10
0.25464352556070396,4.232641488186793e-10
0.25464352556070396,4.232641488186793e-10
0.2547440272211844,4.1968306995799894e-10
0.2547440272211844,4.1968306995799894e-10
0.25505530480560074,4.086685629823335e-10
0.25505530480560074,4.086685629823335e-10
0.25520578595297655,4.034613013535778e-10
0.25520578595297655,4.034613013535778e-10
0.25563652485877153,3.889461426107637e-10
0.25563652485877153,3.889461426107637e-10
0.255770350214477,3.845970980942729e-10
0.255770350214477,3.845970980942729e-10
0.25582347492857316,3.830695093237204e-10
0.25582347492857316,3.830695093237204e-10
0.2559122178025745,3.7994249308971926e-10
0.2559122178025745,3.7994249308971926e-10
0.25633350157910056,3.665859594134829e-10
0.25633350157910056,3.665859594134829e-10
0.2565811692693031,3.590739838235612e-10
0.2565811692693031,3.590739838235612e-10
0.2569000270256878,3.4944037784881815e-10
0.2569000270256878,3.4944037784881815e-10
0.2570879011098432,3.4394329773284717e-10
0.2570879011098432,3.4394329773284717e-10
0.25735821084035027,3.3658154126269754e-10
0.25735821084035027,3.3658154126269754e-10
0.25746726983954804,3.3309145125061606e-10
0.25746726983954804,3.3309145125061606e-10
0.25782042450831605,3.2331644112170457e-10
0.25782042450831605,3.2331644112170457e-10
0.25803683693817275,3.1751745488653614e-10
0.25803683693817275,3.1751745488653614e-10
0.25811187371879746,3.154980283239887e-10
0.25811187371879746,3.154980283239887e-10
0.25826844922928827,3.11359909677487e-10
0.25826844922928827,3.11359909677487e-10
0.25860497861965787,3.026477355312136e-10
0.25860497861965787,3.026477355312136e-10
0.2588827975983026,2.957351894667175e-10
0.2588827975983026,2.957351894667175e-10
0.2589193607885138,2.947839330541973e-10
0.2589193607885138,2.947839330541973e-10
0.25917652428224064,2.8849260683175525e-10
0.25917652428224064,2.8849260683175525e-10
0.25945549611646307,2.8185439850934203e-10
0.25945549611646307,2.8185439850934203e-10
0.259660338190101,2.7721029748909435e-10
0.259660338190101,2.7721029748909435e-10
0.259748793668984,2.749951842320772e-10
0.259748793668984,2.749951842320772e-10
0.26002298118538003,2.6875667030947305e-10
0.26002298118538003,2.6875667030947305e-10
0.26004026252686013,2.6838765531256145e-10
0.26004026252686013,2.6838765531256145e-10
0.26032340793693953,2.6213753212695846e-10
0.26032340793693953,2.6213753212695846e-10
0.26042939649803626,2.598458072323534e-10
0.26042939649803626,2.598458072323534e-10
0.2606452922822826,2.551650769916943e-10
0.2606452922822826,2.551650769916943e-10
0.26089658415654515,2.4986132029911625e-10
0.26089658415654515,2.4986132029911625e-10
0.26121809220777203,2.4356903097688814e-10
0.26121809220777203,2.4356903097688814e-10
0.261473194521331,2.381750635371338e-10
0.261473194521331,2.381750635371338e-10
0.26184163214702655,2.3099572104272696e-10
0.26184163214702655,2.3099572104272696e-10
0.26198305858919413,2.283118341716049e-10
0.26198305858919413,2.283118341716049e-10
0.2620505350234964,2.2703179882553435e-10
0.2620505350234964,2.2703179882553435e-10
0.2622443542767174,2.234179945933112e-10
0.2622443542767174,2.234179945933112e-10
0.26237509983303464,2.2104546046251413e-10
0.26237509983303464,2.2104546046251413e-10
0.26263024118583467,2.1641671880422412e-10
0.26263024118583467,2.1641671880422412e-10
0.26434906463826663,2.1484680584334496e-10
0.26434906463826663,2.1484680584334496e-10
0.264484704530721,2.1795335102296345e-10
0.264484704530721,2.1795335102296345e-10
0.2648287838311685,2.2606577312456703e-10
0.2648287838311685,2.2606577312456703e-10
0.2649156988520117,2.283118341716049e-10
0.2649156988520117,2.283118341716049e-10
0.2650841090697903,2.3227609448670656e-10
0.2650841090697903,2.3227609448670656e-10
0.2653088225771123,2.37874334205426e-10
0.2653088225771123,2.37874334205426e-10
0.2655238003214526,2.4356903097688814e-10
0.2655238003214526,2.4356903097688814e-10
0.26578973145958096,2.5029971627989886e-10
0.26578973145958096,2.5029971627989886e-10
0.2659222446128153,2.5381865395142534e-10
0.2659222446128153,2.5381865395142534e-10
0.2661443521701726,2.598458072323534e-10
0.2661443521701726,2.598458072323534e-10
0.26627151205581695,2.6337413903466154e-10
0.26627151205581695,2.6337413903466154e-10
0.26674419406905525,2.7680781632982874e-10
0.26674419406905525,2.7680781632982874e-10
0.266754165945922,2.7713150515392687e-10
0.266754165945922,2.7713150515392687e-10
0.2667530579411946,2.7721029748909435e-10
0.2667530579411946,2.7721029748909435e-10
0.2667630301494254,2.7735918858150377e-10
0.2667630301494254,2.7735918858150377e-10
0.26723769471286163,2.9160748823093165e-10
0.26723769471286163,2.9160748823093165e-10
0.26736537698160956,2.957351894667175e-10
0.26736537698160956,2.957351894667175e-10
0.2676059182852585,3.0307821501311884e-10
0.2676059182852585,3.0307821501311884e-10
0.2677232119722812,3.0682993360598776e-10
0.2677232119722812,3.0682993360598776e-10
0.26798911961369076,3.154980283239887e-10
0.26798911961369076,3.154980283239887e-10
0.2682084972689776,3.2285721611914493e-10
0.2682084972689776,3.2285721611914493e-10
0.26845202721432926,3.311873516154455e-10
0.26845202721432926,3.311873516154455e-10
0.2686031602858252,3.3658154126269754e-10
0.2686031602858252,3.3658154126269754e-10
0.2686946622122964,3.3972168482771963e-10
0.2686946622122964,3.3972168482771963e-10
0.26902298639838795,3.515548938415509e-10
0.26902298639838795,3.515548938415509e-10
0.26918170839671907,3.5746707020974274e-10
0.26918170839671907,3.5746707020974274e-10
0.26921972614875495,3.590739838235612e-10
0.26921972614875495,3.590739838235612e-10
0.2693008113470148,3.6190348377663557e-10
0.2693008113470148,3.6190348377663557e-10
0.2696696374196163,3.761393870077487e-10
0.2696696374196163,3.761393870077487e-10
0.26982874093829134,3.830695093237204e-10
0.26982874093829134,3.830695093237204e-10
0.27015227914169865,3.954683985689923e-10
0.27015227914169865,3.954683985689923e-10
0.2701584508812549,3.95787053547482e-10
0.2701584508812549,3.95787053547482e-10
0.27046609426849605,4.086685629823335e-10
0.27046609426849605,4.086685629823335e-10
0.2706481503848024,4.164610172892364e-10
0.2706481503848024,4.164610172892364e-10
0.27100643908350913,4.321463077245465e-10
0.27100643908350913,4.321463077245465e-10
0.27108693640835935,4.359783023840439e-10
0.27108693640835935,4.359783023840439e-10
0.2711387375363319,4.382148869373726e-10
0.2711387375363319,4.382148869373726e-10
0.2713212464222222,4.4650020659646814e-10
0.2713212464222222,4.4650020659646814e-10
0.2716302139448281,4.611050714505776e-10
0.2716302139448281,4.611050714505776e-10
0.2717001751033262,4.6511304604041793e-10
0.2717001751033262,4.6511304604041793e-10
0.27186329968440154,4.722259274210431e-10
0.27186329968440154,4.722259274210431e-10
0.27212258122219213,4.851909263133483e-10
0.27212258122219213,4.851909263133483e-10
0.2723419488847891,4.961947519269785e-10
0.2723419488847891,4.961947519269785e-10
0.27247772873680415,5.03186595694789e-10
0.27247772873680415,5.03186595694789e-10
0.27261584098324665,5.105349074479623e-10
0.27261584098324665,5.105349074479623e-10
0.27272003750041274,5.159820049059911e-10
0.27272003750041274,5.159820049059911e-10
0.27362095537878595,5.293535279990433e-10
0.27362095537878595,5.293535279990433e-10
0.27363686725248115,5.293869693147953e-10
0.27363686725248115,5.293869693147953e-10
0.27363914045283005,5.293869693147953e-10
0.27363914045283005,5.293869693147953e-10
0.2736607367980211,5.296713058090834e-10
0.2736607367980211,5.296713058090834e-10
0.2748123513641985,5.466512291143103e-10
0.2748123513641985,5.466512291143103e-10
0.27481463432971875,5.467548378952898e-10
0.27481463432971875,5.467548378952898e-10
0.2759768362232868,5.641933061389822e-10
0.2759768362232868,5.641933061389822e-10
0.2759928850984715,5.644785074309053e-10
0.2759928850984715,5.644785074309053e-10
0.27599517787111205,5.647281768233417e-10
0.27599517787111205,5.647281768233417e-10
0.27717849014737356,5.828871653095497e-10
0.27717849014737356,5.828871653095497e-10
0.27719921443303275,5.832923489545621e-10
0.27719921443303275,5.832923489545621e-10
0.2783345028996093,6.013165923533708e-10
0.2783345028996093,6.013165923533708e-10
0.27836918829616286,6.018961625818743e-10
0.27836918829616286,6.018961625818743e-10
0.2783900016088189,6.02466776605276e-10
0.2783900016088189,6.02466776605276e-10
0.27956384020716624,6.215447091586333e-10
0.27956384020716624,6.215447091586333e-10
0.28071231109299793,6.409027923269098e-10
0.28071231109299793,6.409027923269098e-10
0.2807647852979131,6.418143983612571e-10
0.2807647852979131,6.418143983612571e-10
0.28080560534992616,6.427273010439804e-10
0.28080560534992616,6.427273010439804e-10
0.2820312132649223,6.616679233113464e-10
0.2820312132649223,6.616679233113464e-10
0.28311043287218235,6.698162065172385e-10
0.28311043287218235,6.698162065172385e-10
0.28372376385784503,6.74486906515007e-10
0.28372376385784503,6.74486906515007e-10
0.2851687278810049,6.856782806098727e-10
0.2851687278810049,6.856782806098727e-10
0.285425879152537,6.875650999934732e-10
0.285425879152537,6.875650999934732e-10
0.2855290417758729,6.883473707519479e-10
0.2855290417758729,6.883473707519479e-10
0.2857829568000762,6.903287480457786e-10
0.2857829568000762,6.903287480457786e-10
0.28713820577544863,7.008968775563791e-10
0.28713820577544863,7.008968775563791e-10
0.2879683128253194,7.073912189804965e-10
0.2879683128253194,7.073912189804965e-10
0.28886080498636896,7.144871561586657e-10
0.28886080498636896,7.144871561586657e-10
0.29002096505655955,7.237315233768026e-10
0.29002096505655955,7.237315233768026e-10
0.2904284225369757,7.270308237365003e-10
0.2904284225369757,7.270308237365003e-10
0.2905937384125966,7.283409480942183e-10
0.2905937384125966,7.283409480942183e-10
0.29133700993552447,7.314995080128698e-10
0.29133700993552447,7.314995080128698e-10
0.29279520637636647,7.33674614932079e-10
0.29279520637636647,7.33674614932079e-10
0.29290954893527366,7.33860028786658e-10
0.29290954893527366,7.33860028786658e-10
0.2930434107594312,7.340454894989241e-10
0.2930434107594312,7.340454894989241e-10
0.2951150767163122,7.371123668835431e-10
0.2951150767163122,7.371123668835431e-10
0.2954118715655057,7.375082737691461e-10
0.2954118715655057,7.375082737691461e-10
0.29575810000132696,7.380442509820396e-10
0.29575810000132696,7.380442509820396e-10
0.2974564166347532,7.4050775058632e-10
0.2974564166347532,7.4050775058632e-10
0.2979355715068173,7.412214781828532e-10
0.2979355715068173,7.412214781828532e-10
0.29849793752299786,7.42064795983514e-10
0.29849793752299786,7.42064795983514e-10
0.2998132186019632,7.439775203082643e-10
0.2998132186019632,7.439775203082643e-10
0.30048083138531095,7.414087992766538e-10
0.30048083138531095,7.414087992766538e-10
0.3008848619100574,7.390123259731638e-10
0.3008848619100574,7.390123259731638e-10
0.30176160379790407,7.339527532848385e-10
0.30176160379790407,7.339527532848385e-10
0.30218304564236986,7.314995080128698e-10
0.30218304564236986,7.314995080128698e-10
0.30284021135516154,7.276970834802337e-10
0.30284021135516154,7.276970834802337e-10
0.3030478353872616,7.265143183448002e-10
0.3030478353872616,7.265143183448002e-10
0.3034464945091966,7.242231747462396e-10
0.3034464945091966,7.242231747462396e-10
0.3048076349233507,7.165437756622697e-10
0.3048076349233507,7.165437756622697e-10
0.3056367692724452,7.119415460493485e-10
0.3056367692724452,7.119415460493485e-10
0.30630780732388796,7.082184161127371e-10
0.30630780732388796,7.082184161127371e-10
0.3067891142986366,7.055836991517902e-10
0.3067891142986366,7.055836991517902e-10
0.30723097670635957,7.031253307159962e-10
0.30723097670635957,7.031253307159962e-10
0.30824782038758125,6.976059928721378e-10
0.30824782038758125,6.976059928721378e-10
0.3087802683434661,6.94736403337897e-10
0.3087802683434661,6.94736403337897e-10
0.3095822726149532,6.856782806098727e-10
0.3095822726149532,6.856782806098727e-10
0.310264550639005,6.754036139884387e-10
0.310264550639005,6.754036139884387e-10
0.31088117767988993,6.662502374997662e-10
0.31088117767988993,6.662502374997662e-10
0.311656274144123,6.550137987955102e-10
0.311656274144123,6.550137987955102e-10
0.31252805268546063,6.427273010439804e-10
0.31252805268546063,6.427273010439804e-10
0.31305554069260466,6.352595983644788e-10
0.31305554069260466,6.352595983644788e-10
0.3135370317107651,6.286327349590201e-10
0.3135370317107651,6.286327349590201e-10
0.3144630488874594,6.161303448796112e-10
0.3144630488874594,6.161303448796112e-10
0.31549137911577996,6.02466776605276e-10
0.31549137911577996,6.02466776605276e-10
0.31587294917200104,5.975204985792487e-10
0.31587294917200104,5.975204985792487e-10
0.3162155746695643,5.930829719556299e-10
0.3162155746695643,5.930829719556299e-10
0.3172918066036148,5.795093590291155e-10
0.3172918066036148,5.795093590291155e-10
0.31832277609698323,5.647281768233417e-10
0.31832277609698323,5.647281768233417e-10
0.3185238148171893,5.594552193764001e-10
0.3185238148171893,5.594552193764001e-10
0.31891700038751636,5.492300001912455e-10
0.31891700038751636,5.492300001912455e-10
0.31944067605209225,5.359993511698007e-10
0.31944067605209225,5.359993511698007e-10
0.3197127959480869,5.293535279990433e-10
0.3197127959480869,5.293535279990433e-10
0.32035884577893287,5.135106799525629e-10
0.32035884577893287,5.135106799525629e-10
0.3205292159071301,5.094395348533576e-10
0.3205292159071301,5.094395348533576e-10
0.32110755182246353,4.961947519269785e-10
0.32110755182246353,4.961947519269785e-10
0.32128098909534863,4.919810947159208e-10
0.32128098909534863,4.919810947159208e-10
0.3216415043517478,4.837830533392559e-10
0.3216415043517478,4.837830533392559e-10
0.3222057867736067,4.713541645915452e-10
0.3222057867736067,4.713541645915452e-10
0.32249231766250763,4.6511304604041793e-10
0.32249231766250763,4.6511304604041793e-10
0.32301247222220875,4.540521222322292e-10
0.32301247222220875,4.540521222322292e-10
0.32312989100474304,4.515563861290785e-10
0.32312989100474304,4.515563861290785e-10
0.3233762736008159,4.464720012282653e-10
0.3233762736008159,4.464720012282653e-10
0.32389381784853327,4.359783023840439e-10
0.32389381784853327,4.359783023840439e-10
0.3240600106916201,4.326243130800572e-10
0.3240600106916201,4.326243130800572e-10
0.3243892837194293,4.2610792919974305e-10
0.3243892837194293,4.2610792919974305e-10
0.32499213274541006,4.144794452435036e-10
0.32499213274541006,4.144794452435036e-10
0.3253176234458259,4.086685629823335e-10
0.3253176234458259,4.086685629823335e-10
0.32592761283920996,3.971018698714953e-10
0.32592761283920996,3.971018698714953e-10
0.3262472647777794,3.912997138950129e-10
0.3262472647777794,3.912997138950129e-10
0.32671511677873044,3.830695093237204e-10
0.32671511677873044,3.830695093237204e-10
0.32686442799671855,3.804408545702621e-10
0.32686442799671855,3.804408545702621e-10
0.3271605373320429,3.753323652541545e-10
0.3271605373320429,3.753323652541545e-10
0.32751132526804183,3.6201209516381113e-10
0.32751132526804183,3.6201209516381113e-10
0.32757390835041916,3.590739838235612e-10
0.32757390835041916,3.590739838235612e-10
0.3276637223575289,3.549019846774489e-10
0.3276637223575289,3.549019846774489e-10
0.32793195003496933,3.4266375851228365e-10
0.32793195003496933,3.4266375851228365e-10
0.3280695529108992,3.3658154126269754e-10
0.3280695529108992,3.3658154126269754e-10
0.32826515728838185,3.280639141667514e-10
0.32826515728838185,3.280639141667514e-10
0.32835243307935974,3.243444033909699e-10
0.32835243307935974,3.243444033909699e-10
0.3285768656201132,3.154980283239887e-10
0.3285768656201132,3.154980283239887e-10
0.32877618651817464,3.0702382509068657e-10
0.32877618651817464,3.0702382509068657e-10
0.32887042819084905,3.032362108600817e-10
0.32887042819084905,3.032362108600817e-10
0.3290685603265901,2.957351894667175e-10
0.3290685603265901,2.957351894667175e-10
0.32919843575402113,2.906144277052035e-10
0.32919843575402113,2.906144277052035e-10
0.3294774993891928,2.802830284561458e-10
0.3294774993891928,2.802830284561458e-10
0.3295828937182803,2.7721029748909435e-10
0.3295828937182803,2.7721029748909435e-10
0.32962054271999275,2.750777134415634e-10
0.32962054271999275,2.750777134415634e-10
0.32995546572977075,2.634074168177779e-10
0.32995546572977075,2.634074168177779e-10
0.3300459327107771,2.603880655718452e-10
0.3300459327107771,2.603880655718452e-10
0.3300651258649989,2.598458072323534e-10
0.3300651258649989,2.598458072323534e-10
0.3300843201353598,2.5907544881768903e-10
0.3300843201353598,2.5907544881768903e-10
0.3304698126893037,2.464711936771533e-10
0.3304698126893037,2.464711936771533e-10
0.33056453982950834,2.4356903097688814e-10
0.33056453982950834,2.4356903097688814e-10
0.33069363209107866,2.3946497414440584e-10
0.33069363209107866,2.3946497414440584e-10
0.3308935498485036,2.3329444763388925e-10
0.3308935498485036,2.3329444763388925e-10
0.33107571067966196,2.283118341716049e-10
0.33107571067966196,2.283118341716049e-10
0.33130062849678155,2.213563747609121e-10
0.33130062849678155,2.213563747609121e-10
0.33132058271168346,2.2083610179835689e-10
0.33132058271168346,2.2083610179835689e-10
0.33157114475131233,2.1401035022284334e-10
0.33157114475131233,2.1401035022284334e-10
0.33174609973088076,2.090331501857267e-10
0.33174609973088076,2.090331501857267e-10
0.3319114963453667,2.046042415323533e-10
0.3319114963453667,2.046042415323533e-10
0.3320659409160052,2.0060471314894538e-10
0.3320659409160052,2.0060471314894538e-10
0.33217147337917763,1.9785790210286753e-10
0.33217147337917763,1.9785790210286753e-10
0.3325241811371823,1.891169141343836e-10
0.3325241811371823,1.891169141343836e-10
0.3325752892252236,1.8803880698137949e-10
0.3325752892252236,1.8803880698137949e-10
0.33260015545958915,1.8729193194931038e-10
0.33260015545958915,1.8729193194931038e-10
0.33277427116600733,1.831095457795293e-10
0.33277427116600733,1.831095457795293e-10
0.33302731584177053,1.7728180411136978e-10
0.33302731584177053,1.7728180411136978e-10
0.33307296732227554,1.7626003086341805e-10
0.33307296732227554,1.7626003086341805e-10
0.33313661316088755,1.748074069209901e-10
0.33313661316088755,1.748074069209901e-10
0.3334543322993478,1.6780403400762668e-10
0.3334543322993478,1.6780403400762668e-10
0.33359355959275305,1.652190788630644e-10
0.33359355959275305,1.652190788630644e-10
0.33375155943038426,1.6157552315210893e-10
0.33375155943038426,1.6157552315210893e-10
0.33388466996633076,1.5884299481673611e-10
0.33388466996633076,1.5884299481673611e-10
0.334081659980971,1.548697335785224e-10
0.334081659980971,1.548697335785224e-10
0.33419269144980795,1.5267197969822097e-10
0.33419269144980795,1.5267197969822097e-10
0.33431348005822703,1.503533675929281e-10
0.33431348005822703,1.503533675929281e-10
0.3343641687379507,1.493570079834766e-10
0.3343641687379507,1.493570079834766e-10
0.33458715127104205,1.451686726722474e-10
0.33458715127104205,1.451686726722474e-10
0.3347421456696768,1.4231523497400378e-10
0.3347421456696768,1.4231523497400378e-10
0.3349806852876708,1.3805374870729585e-10
0.3349806852876708,1.3805374870729585e-10
0.3351045425152872,1.360752875237378e-10
0.3351045425152872,1.360752875237378e-10
0.3351741453171699,1.347153437937662e-10
0.3351741453171699,1.347153437937662e-10
0.3355990355819137,1.2760389884722198e-10
0.3355990355819137,1.2760389884722198e-10
0.3356060054815255,1.2755151324193195e-10
0.3356060054815255,1.2755151324193195e-10
0.3356046114900229,1.2751525888315314e-10
0.3356046114900229,1.2751525888315314e-10
0.33561715762199545,1.2728990762921715e-10
0.33561715762199545,1.2728990762921715e-10
0.33603493262444034,1.2069808825206888e-10
0.33603493262444034,1.2069808825206888e-10
0.33731729989178744,1.227434015691534e-10
0.33731729989178744,1.227434015691534e-10
0.337627786911915,1.2511744846830965e-10
0.337627786911915,1.2511744846830965e-10
0.337922417753404,1.2755151324193195e-10
0.337922417753404,1.2755151324193195e-10
0.33808808503690746,1.2869271957269875e-10
0.33808808503690746,1.2869271957269875e-10
0.33846183636919036,1.3174448314249723e-10
0.33846183636919036,1.3174448314249723e-10
0.338484330821587,1.3185272069372612e-10
0.338484330821587,1.3185272069372612e-10
0.3388620389765641,1.3492613653361397e-10
0.3388620389765641,1.3492613653361397e-10
0.33899085142940966,1.360752875237378e-10
0.33899085142940966,1.360752875237378e-10
0.3393014695394405,1.385933293113059e-10
0.3393014695394405,1.385933293113059e-10
0.3396363539197109,1.4146594627463746e-10
0.3396363539197109,1.4146594627463746e-10
0.3399270897190935,1.4397910549517027e-10
0.3399270897190935,1.4397910549517027e-10
0.34004006390651564,1.451686726722474e-10
0.34004006390651564,1.451686726722474e-10
0.3404145591518591,1.4831571047736906e-10
0.3404145591518591,1.4831571047736906e-10
0.3409806162683383,1.5351094344154477e-10
0.3409806162683383,1.5351094344154477e-10
0.3411151930970684,1.548697335785224e-10
0.3411151930970684,1.548697335785224e-10
0.34119171307466406,1.5550696280121144e-10
0.34119171307466406,1.5550696280121144e-10
0.3413759982461303,1.5723315920083648e-10
0.3413759982461303,1.5723315920083648e-10
0.34165970827456815,1.5996072869805158e-10
0.34165970827456815,1.5996072869805158e-10
0.34197348208500705,1.6303659134519513e-10
0.34197348208500705,1.6303659134519513e-10
0.34219514296161646,1.652190788630644e-10
0.34219514296161646,1.652190788630644e-10
0.3426687844807193,1.7003691337342767e-10
0.3426687844807193,1.7003691337342767e-10
0.34275419497155285,1.7094160196483121e-10
0.34275419497155285,1.7094160196483121e-10
0.34326425354352,1.7626003086341805e-10
0.34326425354352,1.7626003086341805e-10
0.34353954408035475,1.792185738915124e-10
0.34353954408035475,1.792185738915124e-10
0.3442923691494842,1.8751094420850068e-10
0.3442923691494842,1.8751094420850068e-10
0.3443274077607123,1.8789334839153835e-10
0.3443274077607123,1.8789334839153835e-10
0.3443395648467456,1.8803880698137949e-10
0.3443395648467456,1.8803880698137949e-10
0.34436745625423154,1.883508832599817e-10
0.34436745625423154,1.883508832599817e-10
0.34511421131642905,1.9700045529945965e-10
0.34511421131642905,1.9700045529945965e-10
0.34541537518513793,2.0060471314894538e-10
0.34541537518513793,2.0060471314894538e-10
0.3456981344822964,2.0691791721814642e-10
0.3456981344822964,2.0691791721814642e-10
0.34571680186445514,2.0739557359296313e-10
0.34571680186445514,2.0739557359296313e-10
0.34596675465499505,2.1401035022284334e-10
0.34596675465499505,2.1401035022284334e-10
0.3461809383168167,2.1900919228892767e-10
0.3461809383168167,2.1900919228892767e-10
0.3463722343930826,2.2403986281858912e-10
0.3463722343930826,2.2403986281858912e-10
0.34651901428057647,2.283118341716049e-10
0.34651901428057647,2.283118341716049e-10
0.34664281820083265,2.3128775418303438e-10
0.34664281820083265,2.3128775418303438e-10
0.3470505318266066,2.4259393167823347e-10
0.3470505318266066,2.4259393167823347e-10
0.347072155466857,2.4356903097688814e-10
0.347072155466857,2.4356903097688814e-10
0.34710819786131986,2.442392735409119e-10
0.34710819786131986,2.442392735409119e-10
0.34723365457316063,2.478373452650072e-10
0.34723365457316063,2.478373452650072e-10
0.34757131490915233,2.5793233822829384e-10
0.34757131490915233,2.5793233822829384e-10
0.3476261796210536,2.598458072323534e-10
0.3476261796210536,2.598458072323534e-10
0.34773087974127903,2.626887215473351e-10
0.34773087974127903,2.626887215473351e-10
0.3480393867432245,2.7236728264932885e-10
0.3480393867432245,2.7236728264932885e-10
0.34818108815263,2.7721029748909435e-10
0.34818108815263,2.7721029748909435e-10
0.3484096670254824,2.8443005515293185e-10
0.3484096670254824,2.8443005515293185e-10
0.34850591755512755,2.8762369234075263e-10
0.34850591755512755,2.8762369234075263e-10
0.34873688247329954,2.957351894667175e-10
0.34873688247329954,2.957351894667175e-10
0.3489716242164655,3.037442700707496e-10
0.3489716242164655,3.037442700707496e-10
0.34909122933934966,3.0798052978907395e-10
0.34909122933934966,3.0798052978907395e-10
0.3492935639970292,3.154980283239887e-10
0.3492935639970292,3.154980283239887e-10
0.3494394046498822,3.2075823364429604e-10
0.3494394046498822,3.2075823364429604e-10
0.34977267209093593,3.334704229323005e-10
0.34977267209093593,3.334704229323005e-10
0.34985113414004315,3.3658154126269754e-10
0.34985113414004315,3.3658154126269754e-10
0.3499063587252133,3.387359182916122e-10
0.3499063587252133,3.387359182916122e-10
0.3502000673615965,3.504462264357884e-10
0.3502000673615965,3.504462264357884e-10
0.35037611979879035,3.57704258480909e-10
0.35037611979879035,3.57704258480909e-10
0.3504095943208259,3.590739838235612e-10
0.3504095943208259,3.590739838235612e-10
0.35045762856907803,3.610870850383193e-10
0.35045762856907803,3.610870850383193e-10
0.35084359695787815,3.777586399049947e-10
0.35084359695787815,3.777586399049947e-10
0.35095728369883566,3.830695093237204e-10
0.35095728369883566,3.830695093237204e-10
0.35114100933567244,3.9096614776119846e-10
0.35114100933567244,3.9096614776119846e-10
0.35131461630535443,3.9891215213748215e-10
0.35131461630535443,3.9891215213748215e-10
0.35151750960344275,4.086685629823335e-10
0.35151750960344275,4.086685629823335e-10
0.3517869986138117,4.212435539080377e-10
0.3517869986138117,4.212435539080377e-10
0.3518286454155526,4.233443716008771e-10
0.3518286454155526,4.233443716008771e-10
0.3520786297851567,4.359783023840439e-10
0.3520786297851567,4.359783023840439e-10
0.3522570897668566,4.4485318564166896e-10
0.3522570897668566,4.4485318564166896e-10
0.35251469961958176,4.5837507072183005e-10
0.35251469961958176,4.5837507072183005e-10
0.35264064567149317,4.6511304604041793e-10
0.35264064567149317,4.6511304604041793e-10
0.35272927421593697,4.697712388919278e-10
0.35272927421593697,4.697712388919278e-10
0.3531918221775563,4.954899778813601e-10
0.3531918221775563,4.954899778813601e-10
0.3532006245270124,4.961007241657017e-10
0.3532006245270124,4.961007241657017e-10
0.3532035586922474,4.961947519269785e-10
0.3532035586922474,4.961947519269785e-10
0.35320649288185757,4.963515044672695e-10
0.35320649288185757,4.963515044672695e-10
0.35367480826339937,5.238810887387625e-10
0.35367480826339937,5.238810887387625e-10
0.35376149260594486,5.293535279990433e-10
0.35376149260594486,5.293535279990433e-10
0.3538974387922186,5.374488263036759e-10
0.3538974387922186,5.374488263036759e-10
0.3541466865829115,5.532520311453499e-10
0.3541466865829115,5.532520311453499e-10
0.3543261948116424,5.647281768233417e-10
0.3543261948116424,5.647281768233417e-10
0.3546589668770632,5.828135258012063e-10
0.3546589668770632,5.828135258012063e-10
0.35468032796313825,5.835042615789751e-10
0.35468032796313825,5.835042615789751e-10
0.3546972704289904,5.8406666365222e-10
0.3546972704289904,5.8406666365222e-10
0.35523985686415277,6.02466776605276e-10
0.35523985686415277,6.02466776605276e-10
0.35550260131443817,6.116318819613974e-10
0.35550260131443817,6.116318819613974e-10
0.35580691895235567,6.222715205568833e-10
0.35580691895235567,6.222715205568833e-10
0.35620913551766553,6.36655666598485e-10
0.35620913551766553,6.36655666598485e-10
0.3563290010828603,6.410850098903472e-10
0.3563290010828603,6.410850098903472e-10
0.3563748862301245,6.427273010439804e-10
0.3563748862301245,6.427273010439804e-10
0.35647629855835067,6.464021237137635e-10
0.35647629855835067,6.464021237137635e-10
0.3571580636529413,6.719458408323179e-10
0.3571580636529413,6.719458408323179e-10
0.357513542136409,6.856782806098727e-10
0.357513542136409,6.856782806098727e-10
0.35798608126426545,7.043367568426537e-10
0.35798608126426545,7.043367568426537e-10
0.35829996602288283,7.168833467487209e-10
0.35829996602288283,7.168833467487209e-10
0.35865583617019064,7.314995080128698e-10
0.35865583617019064,7.314995080128698e-10
0.358819744532513,7.382307691286912e-10
0.358819744532513,7.382307691286912e-10
0.35925222572807797,7.564772076219893e-10
0.35925222572807797,7.564772076219893e-10
0.3596531083775696,7.737924857481707e-10
0.3596531083775696,7.737924857481707e-10
0.3598017799556766,7.803827908142789e-10
0.3598017799556766,7.803827908142789e-10
0.3601337109725479,7.950621299138628e-10
0.3601337109725479,7.950621299138628e-10
0.36048691037732905,8.110928839234969e-10
0.36048691037732905,8.110928839234969e-10
0.36095138515421366,8.325327543328605e-10
0.36095138515421366,8.325327543328605e-10
0.3613263974735992,8.501242022605606e-10
0.3613263974735992,8.501242022605606e-10
0.3619790961554265,8.818083769662012e-10
0.3619790961554265,8.818083769662012e-10
0.36210466346440867,8.881676982059541e-10
0.36210466346440867,8.881676982059541e-10
0.3621655830549594,8.910759984148106e-10
0.3621655830549594,8.910759984148106e-10
0.36232131302027565,8.98863912467286e-10
0.36232131302027565,8.98863912467286e-10
0.363005209851896,9.34030007606583e-10
0.363005209851896,9.34030007606583e-10
0.36326162662224654,9.47520510191327e-10
0.36326162662224654,9.47520510191327e-10
0.3640501094465213,9.749040958151056e-10
0.3640501094465213,9.749040958151056e-10
0.3654166194870046,9.998841700261857e-10
0.3654166194870046,9.998841700261857e-10
0.36569296674181007,1.005045356999808e-9
0.36569296674181007,1.005045356999808e-9
0.36600296702605184,1.0108396410348206e-9
0.36600296702605184,1.0108396410348206e-9
0.36734171197995974,1.0361512275284529e-9
0.36734171197995974,1.0361512275284529e-9
0.36853836911834653,1.0592823801966669e-9
0.36853836911834653,1.0592823801966669e-9
0.3689986570167341,1.0682029457515501e-9
0.3689986570167341,1.0682029457515501e-9
0.36949481752167507,1.0783901444846685e-9
0.36949481752167507,1.0783901444846685e-9
0.3706599967241837,1.1013157037557465e-9
0.3706599967241837,1.1013157037557465e-9
0.3716867878179275,1.1221028133907213e-9
0.3716867878179275,1.1221028133907213e-9
0.372332682609695,1.1353652522356536e-9
0.372332682609695,1.1353652522356536e-9
0.373047872242179,1.1504547868058935e-9
0.373047872242179,1.1504547868058935e-9
0.37401136334268714,1.1705044867913844e-9
0.37401136334268714,1.1705044867913844e-9
0.3748621034192655,1.1886863392725542e-9
0.3748621034192655,1.1886863392725542e-9
0.375698392754206,1.2067122130313057e-9
0.375698392754206,1.2067122130313057e-9
0.37663509306528653,1.2273352304393306e-9
0.37663509306528653,1.2273352304393306e-9
0.3773898966283765,1.244118559502946e-9
0.3773898966283765,1.244118559502946e-9
0.3780645457022574,1.2591810365893154e-9
0.3780645457022574,1.2591810365893154e-9
0.37909295268784815,1.2825831660295616e-9
0.37909295268784815,1.2825831660295616e-9
0.3802441730710364,1.3093532967599477e-9
0.3802441730710364,1.3093532967599477e-9
0.3808021124404378,1.32227875352406e-9
0.3808021124404378,1.32227875352406e-9
0.38129434640980686,1.3338564014090371e-9
0.38129434640980686,1.3338564014090371e-9
0.3825197724545987,1.3631813794095107e-9
0.3825197724545987,1.3631813794095107e-9
0.38389421505545723,1.3968523132204686e-9
0.38389421505545723,1.3968523132204686e-9
0.3842419881721333,1.4054380454407642e-9
0.3842419881721333,1.4054380454407642e-9
0.3845517392645944,1.4130942623965415e-9
0.3845517392645944,1.4130942623965415e-9
0.3859743626116539,1.4489359568265782e-9
0.3859743626116539,1.4489359568265782e-9
0.38758090442052096,1.4901985505193255e-9
0.38758090442052096,1.4901985505193255e-9
0.38771535276767094,1.4937565252703277e-9
0.38771535276767094,1.4937565252703277e-9
0.3878369599859903,1.4968974062676748e-9
0.3878369599859903,1.4968974062676748e-9
0.38946096050496826,1.5400608333937915e-9
0.38946096050496826,1.5400608333937915e-9
0.38994252068160506,1.5528339892464563e-9
0.38994252068160506,1.5528339892464563e-9
0.3911502463071126,1.585720556876751e-9
0.3911502463071126,1.585720556876751e-9
0.391218489931806,1.5876751331171378e-9
0.391218489931806,1.5876751331171378e-9
0.39128024442309983,1.5897827558090499e-9
0.39128024442309983,1.5897827558090499e-9
0.3929823182823977,1.6368132310032952e-9
0.3929823182823977,1.6368132310032952e-9
0.39449183799203036,1.6797612528894798e-9
0.39449183799203036,1.6797612528894798e-9
0.39475491878101354,1.6874454891815562e-9
0.39475491878101354,1.6874454891815562e-9
0.3950427873697432,1.69602178836306e-9
0.3950427873697432,1.69602178836306e-9
0.3965322207001699,1.7397538771622966e-9
0.3965322207001699,1.7397538771622966e-9
0.3978619768531141,1.7795476230774736e-9
0.3978619768531141,1.7795476230774736e-9
0.398321660765398,1.7935421177018037e-9
0.398321660765398,1.7935421177018037e-9
0.398828257846507,1.8093603645476512e-9
0.398828257846507,1.8093603645476512e-9
0.4001175141209877,1.8490517407375738e-9
0.4001175141209877,1.8490517407375738e-9
0.40126090676853454,1.8850831768270117e-9
0.40126090676853454,1.8850831768270117e-9
0.4019222988963836,1.9062492653840492e-9
0.4019222988963836,1.9062492653840492e-9
0.4026633823381483,1.930272919403802e-9
0.4026633823381483,1.930272919403802e-9
0.40373187045380976,1.9653402563529393e-9
0.40373187045380976,1.9653402563529393e-9
0.40468887369991036,1.996940560121863e-9
0.40468887369991036,1.996940560121863e-9
0.40555380054393947,2.026102985977145e-9
0.40555380054393947,2.026102985977145e-9
0.4065286309210598,2.0592655926312153e-9
0.4065286309210598,2.0592655926312153e-9
0.407382260367539,2.0888103023390972e-9
0.407382260367539,2.0888103023390972e-9
0.40814612571010744,2.11536853871839e-9
0.40814612571010744,2.11536853871839e-9
0.4093107611133424,2.14978849649844e-9
0.4093107611133424,2.14978849649844e-9
0.41059126457229933,2.154955330765946e-9
0.41059126457229933,2.154955330765946e-9
0.41163291298118965,2.159111377212993e-9
0.41163291298118965,2.159111377212993e-9
0.41248526695782484,2.1625922559892326e-9
0.41248526695782484,2.1625922559892326e-9
0.41449387518498815,2.170633301119503e-9
0.41449387518498815,2.170633301119503e-9
0.415149487832523,2.1733431703837846e-9
0.415149487832523,2.1733431703837846e-9
0.41568439342877017,2.175472272403601e-9
0.41568439342877017,2.175472272403601e-9
0.4184440078709045,2.186839734671136e-9
0.4184440078709045,2.186839734671136e-9
0.4186961047390347,2.188152523015854e-9
0.4186961047390347,2.188152523015854e-9
0.4188926717319226,2.1890512006675074e-9
0.4188926717319226,2.1890512006675074e-9
0.42048250561952366,2.1968783472881023e-9
0.42048250561952366,2.1968783472881023e-9
0.4220731139618793,2.204803120248571e-9
0.4220731139618793,2.204803120248571e-9
0.42227302034962816,2.2057086363264594e-9
0.42227302034962816,2.2057086363264594e-9
0.42252917909496274,2.2070327519183357e-9
0.42252917909496274,2.2070327519183357e-9
0.42528035339551423,2.2205631767351133e-9
0.42528035339551423,2.2205631767351133e-9
0.42588049350575535,2.2235460680291523e-9
0.42588049350575535,2.2235460680291523e-9
0.4266515746337367,2.2273066992083563e-9
0.4266515746337367,2.2273066992083563e-9
0.4294839971776933,2.1982318782805664e-9
0.4294839971776933,2.1982318782805664e-9
0.42951878526014714,2.1978500287161877e-9
0.42951878526014714,2.1978500287161877e-9
0.42960442946851823,2.1968783472881023e-9
0.42960442946851823,2.1968783472881023e-9
0.43220953741833623,2.1594182880727784e-9
0.43220953741833623,2.1594182880727784e-9
0.433188158895705,2.1457859446062735e-9
0.433188158895705,2.1457859446062735e-9
0.4349026942366784,2.122060692815489e-9
0.4349026942366784,2.122060692815489e-9
0.4353201820006326,2.1163710147949894e-9
0.4353201820006326,2.1163710147949894e-9
0.4368888799445528,2.1134985203551606e-9
0.4368888799445528,2.1134985203551606e-9
0.4382929789489177,2.1439228954323983e-9
0.4382929789489177,2.1439228954323983e-9
0.4405223969091847,2.193134455592028e-9
0.4405223969091847,2.193134455592028e-9
0.440621216207252,2.1953522871949118e-9
0.440621216207252,2.1953522871949118e-9
0.4406468396436222,2.195907095445643e-9
0.4406468396436222,2.195907095445643e-9
0.4406871080542341,2.1968783472881023e-9
0.4406871080542341,2.1968783472881023e-9
0.4430151819236474,2.249080728063264e-9
0.4430151819236474,2.249080728063264e-9
0.4443854377721809,2.280448200737999e-9
0.4443854377721809,2.280448200737999e-9
0.4453944032983276,2.3036147146458336e-9
0.4453944032983276,2.3036147146458336e-9
0.4471182478413296,2.3436872300753384e-9
0.4471182478413296,2.3436872300753384e-9
0.44778826228406565,2.3593964746224624e-9
0.44778826228406565,2.3593964746224624e-9
0.44818181703507964,2.3686181334821224e-9
0.44818181703507964,2.3686181334821224e-9
0.4496997211633109,2.4047270038291982e-9
0.4496997211633109,2.4047270038291982e-9
0.4501931175766789,2.4166053129200638e-9
0.4501931175766789,2.4166053129200638e-9
0.45201062871876163,2.460430151571002e-9
0.45201062871876163,2.460430151571002e-9
0.45261370818865304,2.4750840377350983e-9
0.45261370818865304,2.4750840377350983e-9
0.4536394715181983,2.5003067826667825e-9
0.4536394715181983,2.5003067826667825e-9
0.45501896297289357,2.536179201619876e-9
0.45501896297289357,2.536179201619876e-9
0.45587214989299385,2.560891861759238e-9
0.45587214989299385,2.560891861759238e-9
0.457330609799917,2.6033832705095235e-9
0.457330609799917,2.6033832705095235e-9
0.45949174312073693,2.667392614179373e-9
0.45949174312073693,2.667392614179373e-9
0.4596559098093725,2.6722837152835723e-9
0.4596559098093725,2.6722837152835723e-9
0.4597666599945469,2.6754085850395216e-9
0.4597666599945469,2.6754085850395216e-9
0.46033610770973593,2.692618275770906e-9
0.46033610770973593,2.692618275770906e-9
0.46199111385997094,2.7430943026347626e-9
0.46199111385997094,2.7430943026347626e-9
0.4636944408474162,2.7953110767967338e-9
0.4636944408474162,2.7953110767967338e-9
0.4643430033058675,2.8155589009080874e-9
0.4643430033058675,2.8155589009080874e-9
0.4653016031674596,2.845644145551604e-9
0.4653016031674596,2.845644145551604e-9
0.46670201934165945,2.890166016295915e-9
0.46670201934165945,2.890166016295915e-9
0.46765577668321606,2.92058718049864e-9
0.46765577668321606,2.92058718049864e-9
0.4690739941458856,2.9667032291429493e-9
0.4690739941458856,2.9667032291429493e-9
0.4711653526424051,3.0358075373180053e-9
0.4711653526424051,3.0358075373180053e-9
0.4714570451798951,3.0453153903258504e-9
0.4714570451798951,3.0453153903258504e-9
0.471650954161748,3.0517668878048576e-9
0.471650954161748,3.0517668878048576e-9
0.47265408848985524,3.085253029451027e-9
0.47265408848985524,3.085253029451027e-9
0.4739624361854416,3.1204861885760173e-9
0.4739624361854416,3.1204861885760173e-9
0.47568026239174455,3.1661563761989903e-9
0.47568026239174455,3.1661563761989903e-9
0.4766068333130005,3.1911056616428587e-9
0.4766068333130005,3.1911056616428587e-9
0.47835907999218963,3.2386788130356247e-9
0.47835907999218963,3.2386788130356247e-9
0.47926200302604716,3.2635294751425716e-9
0.47926200302604716,3.2635294751425716e-9
0.4797439929517906,3.276440152134709e-9
0.4797439929517906,3.276440152134709e-9
0.4813048140401472,3.319670992585253e-9
0.4813048140401472,3.319670992585253e-9
0.48199102087289347,3.334488509688866e-9
0.48199102087289347,3.334488509688866e-9
0.4838424399114232,3.339969803809653e-9
0.4838424399114232,3.339969803809653e-9
0.4856142284988558,3.3451431146774234e-9
0.4856142284988558,3.3451431146774234e-9
0.485889637723185,3.3459356547667048e-9
0.485889637723185,3.3459356547667048e-9
0.4859249578923508,3.346199876521074e-9
0.4859249578923508,3.346199876521074e-9
0.4879758998524121,3.352123915214652e-9
0.4879758998524121,3.352123915214652e-9
0.48981571972236665,3.3576341987424756e-9
0.48981571972236665,3.3576341987424756e-9
0.4903225796733371,3.3590131843411142e-9
0.4903225796733371,3.3590131843411142e-9
0.49161346591348154,3.3451431146774234e-9
0.49161346591348154,3.3451431146774234e-9
0.4921446718902207,3.3335407377675343e-9
0.4921446718902207,3.3335407377675343e-9
0.4934536776879432,3.3047627405320896e-9
0.4934536776879432,3.3047627405320896e-9
0.49532398066867855,3.264298223241875e-9
0.49532398066867855,3.264298223241875e-9
0.49557641343856146,3.2386788130356247e-9
0.49557641343856146,3.2386788130356247e-9
0.49638552409752607,3.1549754892688374e-9
0.49638552409752607,3.1549754892688374e-9
0.49704644047475693,3.089251093217309e-9
0.49704644047475693,3.089251093217309e-9
0.4975980758263358,3.0358075373180053e-9
0.4975980758263358,3.0358075373180053e-9
0.4978220156429226,3.0139758160807967e-9
0.4978220156429226,3.0139758160807967e-9
0.4983697152198536,2.962208743555384e-9
0.4983697152198536,2.962208743555384e-9
0.4992674693781948,2.8794594840783243e-9
0.4992674693781948,2.8794594840783243e-9
0.4996568379427427,2.845644145551604e-9
0.4996568379427427,2.845644145551604e-9
0.5015310035718112,2.780429393437817e-9
0.5015310035718112,2.780429393437817e-9
0.5033056195034512,2.7424012444654114e-9
0.5033056195034512,2.7424012444654114e-9
0.504643129462353,2.7142647141810868e-9
0.504643129462353,2.7142647141810868e-9
0.5069224973344554,2.667392614179373e-9
0.5069224973344554,2.667392614179373e-9
0.5077794539209898,2.649841917482198e-9
0.5077794539209898,2.649841917482198e-9
0.5082904094844595,2.6394836941958937e-9
0.5082904094844595,2.6394836941958937e-9
0.5102828969340769,2.599767649800797e-9
0.5102828969340769,2.599767649800797e-9
0.5109364997953982,2.586989045225334e-9
0.5109364997953982,2.586989045225334e-9
0.512233956626226,2.5616485357790713e-9
0.512233956626226,2.5616485357790713e-9
0.5135288626743045,2.505603679978744e-9
0.5135288626743045,2.505603679978744e-9
0.5135960573911841,2.502795718808646e-9
0.5135960573911841,2.502795718808646e-9
0.5136568601873684,2.5003067826667825e-9
0.5136568601873684,2.5003067826667825e-9
0.5144810740293891,2.4653310713887504e-9
0.5144810740293891,2.4653310713887504e-9
0.5156309846055429,2.4176359978420904e-9
0.5156309846055429,2.4176359978420904e-9
0.5174686669097229,2.3436872300753384e-9
0.5174686669097229,2.3436872300753384e-9
0.5176728993171894,2.3353370255202062e-9
0.5176728993171894,2.3353370255202062e-9
0.5179159333554014,2.3258408524395357e-9
0.5179159333554014,2.3258408524395357e-9
0.5197239794526317,2.255875226875739e-9
0.5197239794526317,2.255875226875739e-9
0.5201235032573677,2.2407490768227316e-9
0.5201235032573677,2.2407490768227316e-9
0.521295768861741,2.1968783472881023e-9
0.521295768861741,2.1968783472881023e-9
0.52178101889848,2.1790483541150955e-9
0.52178101889848,2.1790483541150955e-9
0.5223404827267139,2.1587704163058037e-9
0.5223404827267139,2.1587704163058037e-9
0.5235612371443025,2.096146607029467e-9
0.5235612371443025,2.096146607029467e-9
0.524200988658676,2.0592655926312153e-9
0.524200988658676,2.0592655926312153e-9
0.5250977361862585,2.0091195337809507e-9
0.5250977361862585,2.0091195337809507e-9
0.5262768408525093,1.9449919163571994e-9
0.5262768408525093,1.9449919163571994e-9
0.526557813858625,1.930272919403802e-9
0.526557813858625,1.930272919403802e-9
0.5266409318879833,1.925766445957124e-9
0.5266409318879833,1.925766445957124e-9
0.5268028309682258,1.917269446233215e-9
0.5268028309682258,1.917269446233215e-9
0.5281864689329225,1.8458131559582961e-9
0.5281864689329225,1.8458131559582961e-9
0.528942811534955,1.8093603645476512e-9
0.528942811534955,1.8093603645476512e-9
0.5290482804688459,1.8029423597164832e-9
0.5290482804688459,1.8029423597164832e-9
0.5297409423897783,1.7692911042890344e-9
0.5297409423897783,1.7692911042890344e-9
0.5312812329025263,1.6965575774311207e-9
0.5312812329025263,1.6965575774311207e-9
0.5312944736481432,1.69602178836306e-9
0.5312944736481432,1.69602178836306e-9
0.5312988873033461,1.6959146508560292e-9
0.5312988873033461,1.6959146508560292e-9
0.5313033009952149,1.6955397228755566e-9
0.5313033009952149,1.6955397228755566e-9
0.5328580940845558,1.6255042663684443e-9
0.5328580940845558,1.6255042663684443e-9
0.5336920584292779,1.5897827558090499e-9
0.5336920584292779,1.5897827558090499e-9
0.534424096494684,1.5580663675304388e-9
0.534424096494684,1.5580663675304388e-9
0.53584221848162,1.4995474805257262e-9
0.53584221848162,1.4995474805257262e-9
0.5359980407102394,1.4934970484225494e-9
0.5359980407102394,1.4934970484225494e-9
0.5360915557967616,1.4901985505193255e-9
0.5360915557967616,1.4901985505193255e-9
0.5363309842166649,1.4799025665991566e-9
0.5363309842166649,1.4799025665991566e-9
0.5375699216883439,1.4314679590304223e-9
0.5375699216883439,1.4314679590304223e-9
0.538481710962301,1.3968523132204686e-9
0.538481710962301,1.3968523132204686e-9
0.5391508912871884,1.3721017858879685e-9
0.5391508912871884,1.3721017858879685e-9
0.5404199118836079,1.32625242725358e-9
0.5404199118836079,1.32625242725358e-9
0.5407331414026687,1.315135349368463e-9
0.5407331414026687,1.315135349368463e-9
0.5409049895005908,1.3093532967599477e-9
0.5409049895005908,1.3093532967599477e-9
0.5414309816044349,1.2908742150075155e-9
0.5414309816044349,1.2908742150075155e-9
0.5423222875788706,1.2605738409898025e-9
0.5423222875788706,1.2605738409898025e-9
0.5433369164477245,1.2273352304393306e-9
0.5433369164477245,1.2273352304393306e-9
0.5439194929315114,1.208333194317663e-9
0.5439194929315114,1.208333194317663e-9
0.5445660248141557,1.1882734074590945e-9
0.5445660248141557,1.1882734074590945e-9
0.5450367124633432,1.1728915784563725e-9
0.5450367124633432,1.1728915784563725e-9
0.5456596404119416,1.1604913174703523e-9
0.5456596404119416,1.1604913174703523e-9
0.548602648549377,1.167956232093786e-9
0.548602648549377,1.167956232093786e-9
0.5496929543129583,1.1706523820805463e-9
0.5496929543129583,1.1706523820805463e-9
0.5511882229927956,1.1744671283506037e-9
0.5511882229927956,1.1744671283506037e-9
0.5526554205268067,1.1781826582268552e-9
0.5526554205268067,1.1781826582268552e-9
0.5543889743787308,1.182563428527075e-9
0.5543889743787308,1.182563428527075e-9
0.5566410154875437,1.1882734074590945e-9
0.5566410154875437,1.1882734074590945e-9
0.5567358196369141,1.1885361656492389e-9
0.5567358196369141,1.1885361656492389e-9
0.5567751334097226,1.1886487940879452e-9
0.5567751334097226,1.1886487940879452e-9
0.5591251124854663,1.1945579345627828e-9
0.5591251124854663,1.1945579345627828e-9
0.5608486749696798,1.1989427861804716e-9
0.5608486749696798,1.1989427861804716e-9
0.5624128332111944,1.2029067120351374e-9
0.5624128332111944,1.2029067120351374e-9
0.5639017113610891,1.2067122130313057e-9
0.5639017113610891,1.2067122130313057e-9
0.5649907404037305,1.2094596261210853e-9
0.5649907404037305,1.2094596261210853e-9
0.5683601652799409,1.2273352304393306e-9
0.5683601652799409,1.2273352304393306e-9
0.568459326556653,1.2316069664277421e-9
0.568459326556653,1.2316069664277421e-9
0.5687191166614443,1.2447474649093284e-9
0.5687191166614443,1.2447474649093284e-9
0.5691350278017483,1.267681123234612e-9
0.5691350278017483,1.267681123234612e-9
0.5696506121858461,1.2931595503372692e-9
0.5696506121858461,1.2931595503372692e-9
0.569948823467844,1.3093532967599477e-9
0.569948823467844,1.3093532967599477e-9
0.5705563788997292,1.3418641884286416e-9
0.5705563788997292,1.3418641884286416e-9
0.5708443943198621,1.3577883758475988e-9
0.5708443943198621,1.3577883758475988e-9
0.5715324263189338,1.3968523132204686e-9
0.5715324263189338,1.3968523132204686e-9
0.5720406781904743,1.4256471856902989e-9
0.5720406781904743,1.4256471856902989e-9
0.5729121689880268,1.4771005755605784e-9
0.5729121689880268,1.4771005755605784e-9
0.5731299514872862,1.4901985505193255e-9
0.5731299514872862,1.4901985505193255e-9
0.5732394690404198,1.4968974062676748e-9
0.5732394690404198,1.4968974062676748e-9
0.5735776769953103,1.517654484640816e-9
0.5735776769953103,1.517654484640816e-9
0.5739208522192563,1.5391854853614184e-9
0.5739208522192563,1.5391854853614184e-9
0.5744407721234226,1.5717085316630675e-9
0.5744407721234226,1.5717085316630675e-9
0.5747235867057673,1.5897827558090499e-9
0.5747235867057673,1.5897827558090499e-9
0.5752788807361906,1.6259920988462968e-9
0.5752788807361906,1.6259920988462968e-9
0.5756445927042168,1.6502585268430384e-9
0.5756445927042168,1.6502585268430384e-9
0.576290533998527,1.69602178836306e-9
0.576290533998527,1.69602178836306e-9
0.5768485400188975,1.7327889819182306e-9
0.5768485400188975,1.7327889819182306e-9
0.5776541697266645,1.7898635985474195e-9
0.5776541697266645,1.7898635985474195e-9
0.5779013588440663,1.8093603645476512e-9
0.5779013588440663,1.8093603645476512e-9
0.5780574064123969,1.8193893683356739e-9
0.5780574064123969,1.8193893683356739e-9
0.5784777439496261,1.8502201905790974e-9
0.5784777439496261,1.8502201905790974e-9
0.5792688061536573,1.910317821820652e-9
0.5792688061536573,1.910317821820652e-9
0.5795166862044483,1.930272919403802e-9
0.5795166862044483,1.930272919403802e-9
0.5800392661305117,1.9702504727287436e-9
0.5800392661305117,1.9702504727287436e-9
0.5804827445516616,2.0057906481579194e-9
0.5804827445516616,2.0057906481579194e-9
0.5811365286649272,2.0592655926312153e-9
0.5811365286649272,2.0592655926312153e-9
0.5816992269265182,2.1060349635451586e-9
0.5816992269265182,2.1060349635451586e-9
0.5824342104419025,2.168817181621097e-9
0.5824342104419025,2.168817181621097e-9
0.5827415344265158,2.1968783472881023e-9
0.5827415344265158,2.1968783472881023e-9
0.5829182586094845,2.2112892348700807e-9
0.5829182586094845,2.2112892348700807e-9
0.5834196721149335,2.2559108541289185e-9
0.5834196721149335,2.2559108541289185e-9
0.5835360035017811,2.2690957953705086e-9
0.5835360035017811,2.2690957953705086e-9
0.584139844942991,2.321803846988898e-9
0.584139844942991,2.321803846988898e-9
0.5843703908570891,2.3436872300753384e-9
0.5843703908570891,2.3436872300753384e-9
0.584839043322205,2.387395933868409e-9
0.584839043322205,2.387395933868409e-9
0.5853639912806629,2.4378416983562193e-9
0.5853639912806629,2.4378416983562193e-9
0.5859940640343104,2.5003067826667825e-9
0.5859940640343104,2.5003067826667825e-9
0.5865907029873453,2.559678826422727e-9
0.5865907029873453,2.559678826422727e-9
0.5872538056006755,2.628003592627012e-9
0.5872538056006755,2.628003592627012e-9
0.5876271301779695,2.667392614179373e-9
0.5876271301779695,2.667392614179373e-9
0.5878199854391258,2.6876050642888817e-9
0.5878199854391258,2.6876050642888817e-9
0.5884038191110369,2.750468871296294e-9
0.5884038191110369,2.750468871296294e-9
0.5890518440233591,2.8219247301764177e-9
0.5890518440233591,2.8219247301764177e-9
0.5892255869824159,2.845644145551604e-9
0.5892255869824159,2.845644145551604e-9
0.5896785382751518,2.892860285503498e-9
0.5896785382751518,2.892860285503498e-9
0.5902850582146806,2.9630041456266174e-9
0.5902850582146806,2.9630041456266174e-9
0.590872567384043,3.0358075373180053e-9
0.590872567384043,3.0358075373180053e-9
0.5914274963944525,3.11487312374108e-9
0.5914274963944525,3.11487312374108e-9
0.5917985579546038,3.1715613100073793e-9
0.5917985579546038,3.1715613100073793e-9
0.5922092084148322,3.2386788130356247e-9
0.5922092084148322,3.2386788130356247e-9
0.592479852390795,3.2784070417863347e-9
0.592479852390795,3.2784070417863347e-9
0.5928885129384321,3.3451431146774234e-9
0.5928885129384321,3.3451431146774234e-9
0.5934305456128823,3.433566322796956e-9
0.5934305456128823,3.433566322796956e-9
0.5935316155601589,3.4506356420374195e-9
0.5935316155601589,3.4506356420374195e-9
0.5935488731250806,3.4551071914368948e-9
0.5935488731250806,3.4551071914368948e-9
0.5936031144530352,3.4627549400019533e-9
0.5936031144530352,3.4627549400019533e-9
0.5945864806617432,3.6318547815181356e-9
0.5945864806617432,3.6318547815181356e-9
0.5948915683547982,3.6859986412575693e-9
0.5948915683547982,3.6859986412575693e-9
0.5954107003995338,3.78056479816255e-9
0.5954107003995338,3.78056479816255e-9
0.5956382723595539,3.822832605135017e-9
0.5956382723595539,3.822832605135017e-9
0.5959599897311877,3.881846138187353e-9
0.5959599897311877,3.881846138187353e-9
0.5962174887359784,3.932319673619841e-9
0.5962174887359784,3.932319673619841e-9
0.5966981207964122,4.0235350957706644e-9
0.5966981207964122,4.0235350957706644e-9
0.5972312326877917,4.12793421633674e-9
0.5972312326877917,4.12793421633674e-9
0.5975562924950171,4.195101387845864e-9
0.5975562924950171,4.195101387845864e-9
0.5977598550736559,4.2347746655588724e-9
0.5977598550736559,4.2347746655588724e-9
0.5985002153766572,4.388513886573459e-9
0.5985002153766572,4.388513886573459e-9
0.5988209912408249,4.457245305638576e-9
0.5988209912408249,4.457245305638576e-9
0.5989030777950118,4.4754437876374114e-9
0.5989030777950118,4.4754437876374114e-9
0.5990523549050167,4.506936238161507e-9
0.5990523549050167,4.506936238161507e-9
0.5998852569837035,4.69132917960717e-9
0.5998852569837035,4.69132917960717e-9
0.6002130078580253,4.774520385688985e-9
0.6002130078580253,4.774520385688985e-9
0.6008765343804582,4.920580516028913e-9
0.6008765343804582,4.920580516028913e-9
0.6009464219335562,4.9380185134293875e-9
0.6009464219335562,4.9380185134293875e-9
0.6015707783449312,5.093583116009574e-9
0.6015707783449312,5.093583116009574e-9
0.6020157154216975,5.197269366610584e-9
0.6020157154216975,5.197269366610584e-9
0.6027125273104909,5.372613082727164e-9
0.6027125273104909,5.372613082727164e-9
0.6029316203092475,5.43396757451561e-9
0.6029316203092475,5.43396757451561e-9
0.6030869115562679,5.47013114585303e-9
0.6030869115562679,5.47013114585303e-9
0.6036131952661133,5.60940695216131e-9
0.6036131952661133,5.60940695216131e-9
0.6036232241736891,5.612597070171813e-9
0.6036232241736891,5.612597070171813e-9
0.6041575042505862,5.757500291426524e-9
0.6041575042505862,5.757500291426524e-9
0.60429554069911,5.797098609832827e-9
0.60429554069911,5.797098609832827e-9
0.6045491079538494,5.865801371535705e-9
0.6045491079538494,5.865801371535705e-9
0.605231254410454,6.05987045061148e-9
0.605231254410454,6.05987045061148e-9
0.6056424210657034,6.1844962877094985e-9
0.6056424210657034,6.1844962877094985e-9
0.6063081721115003,6.37801963944423e-9
0.6063081721115003,6.37801963944423e-9
0.606392544384566,6.404363873485511e-9
0.606392544384566,6.404363873485511e-9
0.607012473687315,6.597782254008581e-9
0.607012473687315,6.597782254008581e-9
0.6073806988548461,6.713402077069588e-9
0.6073806988548461,6.713402077069588e-9
0.6082390755340886,6.992153078759223e-9
0.6082390755340886,6.992153078759223e-9
0.6083755175377712,7.038686522913658e-9
0.6083755175377712,7.038686522913658e-9
0.6084614411679772,7.065862322306672e-9
0.6084614411679772,7.065862322306672e-9
0.6087698552791158,7.169501908717605e-9
0.6087698552791158,7.169501908717605e-9
0.6095415746631774,7.43706198172262e-9
0.6095415746631774,7.43706198172262e-9
0.6097466874412383,7.509054718764886e-9
0.6097466874412383,7.509054718764886e-9
0.6100975648884809,7.634492106165131e-9
0.6100975648884809,7.634492106165131e-9
0.6106248937623128,7.827638707985338e-9
0.6106248937623128,7.827638707985338e-9
0.6110803348147713,8.010855801838452e-9
0.6110803348147713,8.010855801838452e-9
0.6113843940353763,8.119740245586968e-9
0.6113843940353763,8.119740245586968e-9
0.6114681922572528,8.140303485332092e-9
0.6114681922572528,8.140303485332092e-9
0.6119730401235519,8.274194718023378e-9
0.6119730401235519,8.274194718023378e-9
0.6129633384104866,8.523007017688052e-9
0.6129633384104866,8.523007017688052e-9
0.613028235239679,8.540253704954829e-9
0.613028235239679,8.540253704954829e-9
0.6130105354230656,8.546190310410305e-9
0.6130105354230656,8.546190310410305e-9
0.6130990396168531,8.558616551218953e-9
0.6130990396168531,8.558616551218953e-9
0.6154253695852542,8.880541414471783e-9
0.6154253695852542,8.880541414471783e-9
0.617724854143803,9.117299153604696e-9
0.617724854143803,9.117299153604696e-9
0.6179115660792487,9.136573400774768e-9
0.6179115660792487,9.136573400774768e-9
0.6185160755125838,9.167545358184927e-9
0.6185160755125838,9.167545358184927e-9
0.6190341895785073,9.194224133432394e-9
0.6190341895785073,9.194224133432394e-9
0.6207225530756918,9.28176068570145e-9
0.6207225530756918,9.28176068570145e-9
0.6225128725825211,9.375311466478724e-9
0.6225128725825211,9.375311466478724e-9
0.6232907303640575,9.41700991323324e-9
0.6232907303640575,9.41700991323324e-9
0.6251651670731692,9.515680149645674e-9
0.6251651670731692,9.515680149645674e-9
0.6265294666132012,9.588391921689361e-9
0.6265294666132012,9.588391921689361e-9
0.6290762592109378,9.726572991835173e-9
0.6290762592109378,9.726572991835173e-9
0.6305734938379794,9.806160362952357e-9
0.6305734938379794,9.806160362952357e-9
0.6313568663917187,9.848686250257244e-9
0.6313568663917187,9.848686250257244e-9
0.6339202314309964,9.988725297571786e-9
0.6339202314309964,9.988725297571786e-9
0.6346405698131968,1.0029191466737655e-8
0.6346405698131968,1.0029191466737655e-8
0.6376098889292677,1.0139078711328211e-8
0.6376098889292677,1.0139078711328211e-8
0.6396166426077747,1.0164731296152006e-8
0.6396166426077747,1.0164731296152006e-8
0.6422228145124886,1.0197854596793361e-8
0.6422228145124886,1.0197854596793361e-8
0.6439248420372066,1.0218813179055407e-8
0.6439248420372066,1.0218813179055407e-8
0.6452664221796882,1.0235772705867197e-8
0.6452664221796882,1.0235772705867197e-8
0.6494579545268883,1.028844507608484e-8
0.6494579545268883,1.028844507608484e-8
0.650302339082195,1.0299174684556494e-8
0.650302339082195,1.0299174684556494e-8
0.6509598415359864,1.0307961777507293e-8
0.6509598415359864,1.0307961777507293e-8
0.6564649452928868,1.0376562244104172e-8
0.6564649452928868,1.0376562244104172e-8
0.6567113965057728,1.0379840296693266e-8
0.6567113965057728,1.0379840296693266e-8
0.6567429995057389,1.0379840296693266e-8
0.6567429995057389,1.0379840296693266e-8
0.6567793448358366,1.0380332093891289e-8
0.6567793448358366,1.0380332093891289e-8
0.6618477817599759,1.0521448216388193e-8
0.6618477817599759,1.0521448216388193e-8
0.6632474488843556,1.0578764503288894e-8
0.6632474488843556,1.0578764503288894e-8
0.6664532316032932,1.071022343200009e-8
0.6664532316032932,1.071022343200009e-8
0.6665526592302136,1.0714622137456512e-8
0.6665526592302136,1.0714622137456512e-8
0.6698163189903357,1.0849482645951585e-8
0.6698163189903357,1.0849482645951585e-8
0.671294212655502,1.0910998094541803e-8
0.671294212655502,1.0910998094541803e-8
0.6750454573172818,1.1069987764051442e-8
0.6750454573172818,1.1069987764051442e-8
0.6760662419711024,1.1111324156253404e-8
0.6760662419711024,1.1111324156253404e-8
0.6764502478531068,1.1127128659325828e-8
0.6764502478531068,1.1127128659325828e-8
0.6773215775381161,1.1163916997759652e-8
0.6773215775381161,1.1163916997759652e-8
0.6808721942125372,1.1315328206967769e-8
0.6808721942125372,1.1315328206967769e-8
0.6831498798212047,1.1369784431630304e-8
0.6831498798212047,1.1369784431630304e-8
0.6862454324634124,1.1403412283709052e-8
0.6862454324634124,1.1403412283709052e-8
0.6867525300751881,1.1408996557092142e-8
0.6867525300751881,1.1408996557092142e-8
0.6899158656248588,1.1443282542386931e-8
0.6899158656248588,1.1443282542386931e-8
0.6929303616203869,1.1476584015258186e-8
0.6929303616203869,1.1476584015258186e-8
0.6938012172589081,1.1485650062160397e-8
0.6938012172589081,1.1485650062160397e-8
0.6967488624391966,1.1517619558768405e-8
0.6967488624391966,1.1517619558768405e-8
0.6991704962496131,1.1543842595543156e-8
0.6991704962496131,1.1543842595543156e-8
0.7014385059639072,1.1568298214044869e-8
0.7014385059639072,1.1568298214044869e-8
0.7036495339480748,1.1592073325510724e-8
0.7036495339480748,1.1592073325510724e-8
0.7054600363066847,1.1612228888290056e-8
0.7054600363066847,1.1612228888290056e-8
0.7091632777408172,1.1651909114133456e-8
0.7091632777408172,1.1651909114133456e-8
0.7106185504085426,1.1667008386443551e-8
0.7106185504085426,1.1667008386443551e-8
0.7118164314137938,1.1679913489164182e-8
0.7118164314137938,1.1679913489164182e-8
0.716964495065672,1.1735197614647735e-8
0.716964495065672,1.1735197614647735e-8
0.7176565887159428,1.1742427852814375e-8
0.7176565887159428,1.1742427852814375e-8
0.718224915067187,1.1748549225919088e-8
0.718224915067187,1.1748549225919088e-8
0.7239277657237295,1.1809752229441588e-8
0.7239277657237295,1.1809752229441588e-8
0.7246876069546085,1.1817961568641014e-8
0.7246876069546085,1.1817961568641014e-8
0.7247643324696588,1.1818334855982956e-8
0.7247643324696588,1.1818334855982956e-8
0.7248585067041627,1.1819828123262632e-8
0.7248585067041627,1.1819828123262632e-8
0.7312172479292339,1.1886845330717547e-8
0.7312172479292339,1.1886845330717547e-8
0.7319424720395111,1.1894732547551097e-8
0.7319424720395111,1.1894732547551097e-8
0.7328270910906822,1.1903752918049974e-8
0.7328270910906822,1.1903752918049974e-8
0.7378057228218791,1.1956130597964811e-8
0.7378057228218791,1.1956130597964811e-8
0.7391917046328141,1.197011165494992e-8
0.7391917046328141,1.197011165494992e-8
0.7408832764869681,1.198827360738892e-8
0.7408832764869681,1.198827360738892e-8
0.7444535617428398,1.202581971064995e-8
0.7444535617428398,1.202581971064995e-8
0.7465127343620932,1.2047109957472336e-8
0.7465127343620932,1.2047109957472336e-8
0.7490244214558828,1.2073013078821964e-8
0.7490244214558828,1.2073013078821964e-8
0.7511757586596294,1.2094386875745704e-8
0.7511757586596294,1.2094386875745704e-8
0.7539062723134764,1.2120774489702302e-8
0.7539062723134764,1.2120774489702302e-8
0.7572003659155045,1.2152592403399352e-8
0.7572003659155045,1.2152592403399352e-8
0.7579878351659268,1.2160271850304448e-8
0.7579878351659268,1.2160271850304448e-8
0.7613730366157607,1.219257855543787e-8
0.7613730366157607,1.219257855543787e-8
0.7619888167112279,1.219797134478254e-8
0.7619888167112279,1.219797134478254e-8
0.7648727294157234,1.2225357234476292e-8
0.7648727294157234,1.2225357234476292e-8
0.7654508204124871,1.2231150848180447e-8
0.7654508204124871,1.2231150848180447e-8
0.7689137525101638,1.2264033225447861e-8
0.7689137525101638,1.2264033225447861e-8
0.7718127317201887,1.2291567431884183e-8
0.7718127317201887,1.2291567431884183e-8
0.7737911718541504,1.2310217121171445e-8
0.7737911718541504,1.2310217121171445e-8
0.7765291524207658,1.233512739807662e-8
0.7765291524207658,1.233512739807662e-8
0.7788381907042714,1.2355794372748123e-8
0.7788381907042714,1.2355794372748123e-8
0.7821922866771216,1.2386664154033544e-8
0.7821922866771216,1.2386664154033544e-8
0.7842199760256497,1.2404282672666118e-8
0.7842199760256497,1.2404282672666118e-8
0.7859294902556447,1.242016076488527e-8
0.7859294902556447,1.242016076488527e-8
0.7906846130993407,1.2463585926599738e-8
0.7906846130993407,1.2463585926599738e-8
0.791986970328745,1.2475007705834368e-8
0.791986970328745,1.2475007705834368e-8
0.7930872641309161,1.248466529640196e-8
0.7930872641309161,1.248466529640196e-8
0.799253756601693,1.25394010117765e-8
0.799253756601693,1.25394010117765e-8
0.7998308897323841,1.2544550963315881e-8
0.7998308897323841,1.2544550963315881e-8
0.8003160036080221,1.254891026660905e-8
0.8003160036080221,1.254891026660905e-8
0.80607502897175,1.2598952292767181e-8
0.80607502897175,1.2598952292767181e-8
0.8076203467683319,1.26124898529324e-8
0.8076203467683319,1.26124898529324e-8
0.8077524961105771,1.2614083463084942e-8
0.8077524961105771,1.2614083463084942e-8
0.8079157692697624,1.2615677274592916e-8
0.8079157692697624,1.2615677274592916e-8
0.8149874334930353,1.267679197001776e-8
0.8149874334930353,1.267679197001776e-8
0.815752558883011,1.268320012376214e-8
0.815752558883011,1.268320012376214e-8
0.8166598677176053,1.2691214871455802e-8
0.8166598677176053,1.2691214871455802e-8
0.8223128942465681,1.2752494095715351e-8
0.8223128942465681,1.2752494095715351e-8
0.8238318550897842,1.2770027918438505e-8
0.8238318550897842,1.2770027918438505e-8
0.8257489068133836,1.2792635695110142e-8
0.8257489068133836,1.2792635695110142e-8
0.8296163646870095,1.2837565899230225e-8
0.8296163646870095,1.2837565899230225e-8
0.8319911694668787,1.2865168621251931e-8
0.8319911694668787,1.2865168621251931e-8
0.834987318706334,1.2899755499744761e-8
0.834987318706334,1.2899755499744761e-8
0.8369887295188702,1.2922797031020223e-8
0.8369887295188702,1.2922797031020223e-8
0.8402312945223815,1.2960199405994306e-8
0.8402312945223815,1.2960199405994306e-8
0.844331120744312,1.3007977710662189e-8
0.844331120744312,1.3007977710662189e-8
0.8444184816306629,1.300941583244899e-8
0.8444184816306629,1.300941583244899e-8
0.8485530306134605,1.3057169362359646e-8
0.8485530306134605,1.3057169362359646e-8
0.8519162356961344,1.309640838872881e-8
0.8519162356961344,1.309640838872881e-8
0.8537877003643812,1.3117936507987875e-8
0.8537877003643812,1.3117936507987875e-8
0.8569571860241019,1.3154449358756096e-8
0.8569571860241019,1.3154449358756096e-8
0.8594722918235811,1.3184815538146924e-8
0.8594722918235811,1.3184815538146924e-8
0.8635267834694715,1.3246595139653453e-8
0.8635267834694715,1.3246595139653453e-8
0.8654445770436187,1.3276335313905257e-8
0.8654445770436187,1.3276335313905257e-8
0.8668638160572149,1.3297109154636024e-8
0.8668638160572149,1.3297109154636024e-8
0.8736102494042126,1.3399985496622112e-8
0.8736102494042126,1.3399985496622112e-8
0.8740160280459363,1.3406547495827339e-8
0.8740160280459363,1.3406547495827339e-8
0.8743104931895538,1.3411206347851624e-8
0.8743104931895538,1.3411206347851624e-8
0.8762395861403213,1.3440891543829484e-8
0.8762395861403213,1.3440891543829484e-8
0.8818317488054239,1.3525214504835699e-8
0.8818317488054239,1.3525214504835699e-8
0.8826723715696629,1.3537609173198754e-8
0.8826723715696629,1.3537609173198754e-8
0.883819966903209,1.3556008385076055e-8
0.883819966903209,1.3556008385076055e-8
0.8894134259772415,1.3640622685952658e-8
0.8894134259772415,1.3640622685952658e-8
0.8914144483989542,1.3671247498691721e-8
0.8914144483989542,1.3671247498691721e-8
0.8941274895941367,1.3711682274863816e-8
0.8941274895941367,1.3711682274863816e-8
0.8970689214265684,1.375614659482553e-8
0.8970689214265684,1.375614659482553e-8
0.9002431076451771,1.3804896868859243e-8
0.9002431076451771,1.3804896868859243e-8
0.9045595763532148,1.3869581962475453e-8
0.9045595763532148,1.3869581962475453e-8
0.9047859564108885,1.3873087075778614e-8
0.9047859564108885,1.3873087075778614e-8
0.9054218648481835,1.3882730705495443e-8
0.9054218648481835,1.3882730705495443e-8
0.9091592068293839,1.3939852787982778e-8
0.9091592068293839,1.3939852787982778e-8
0.9124464245128556,1.4003400885353106e-8
0.9124464245128556,1.4003400885353106e-8
0.9154238916519655,1.4060575355560517e-8
0.9154238916519655,1.4060575355560517e-8
0.9181636119656024,1.4113524669550352e-8
0.9181636119656024,1.4113524669550352e-8
0.9200256368528965,1.4149679807096491e-8
0.9200256368528965,1.4149679807096491e-8
0.9266594631725592,1.4278532145044529e-8
0.9266594631725592,1.4278532145044529e-8
0.9272571976449512,1.4289811620012878e-8
0.9272571976449512,1.4289811620012878e-8
0.9276588775261891,1.4298389979846727e-8
0.9276588775261891,1.4298389979846727e-8
0.9297593678849916,1.4339094338558585e-8
0.9297593678849916,1.4339094338558585e-8
0.9353689528768738,1.444729400635457e-8
0.9353689528768738,1.444729400635457e-8
0.9364408471205888,1.4467843519562961e-8
0.9364408471205888,1.4467843519562961e-8
0.9380193940114098,1.4498493630973307e-8
0.9380193940114098,1.4498493630973307e-8
0.9431431091773056,1.4597748725572676e-8
0.9431431091773056,1.4597748725572676e-8
0.945715452393502,1.4647630791436882e-8
0.945715452393502,1.4647630791436882e-8
0.9495048786857122,1.4720448690551069e-8
0.9495048786857122,1.4720448690551069e-8
0.9509818790251484,1.4749770286479269e-8
0.9509818790251484,1.4749770286479269e-8
0.9550819142991464,1.482871543485745e-8
0.9550819142991464,1.482871543485745e-8
0.9588973353800784,1.4902198209852075e-8
0.9588973353800784,1.4902198209852075e-8
0.9611263710890275,1.4945329553944613e-8
0.9611263710890275,1.4945329553944613e-8
0.9645411425949428,1.501109046926166e-8
0.9645411425949428,1.501109046926166e-8
0.9668740228935908,1.5056676934437665e-8
0.9668740228935908,1.5056676934437665e-8
0.9728854233578638,1.5173166603543013e-8
0.9728854233578638,1.5173166603543013e-8
0.9740940560486432,1.5196188471521046e-8
0.9740940560486432,1.5196188471521046e-8
0.9749217568175804,1.5212276510121535e-8
0.9749217568175804,1.5212276510121535e-8
0.9792828618375868,1.5297320551959607e-8
0.9792828618375868,1.5297320551959607e-8
0.9830317451524377,1.536996955917609e-8
0.9830317451524377,1.536996955917609e-8
0.9837415825275676,1.5383568870952806e-8
0.9837415825275676,1.5383568870952806e-8
0.9847741267264868,1.5403017334786746e-8
0.9847741267264868,1.5403017334786746e-8
0.9912211220753404,1.5528071060946606e-8
0.9912211220753404,1.5528071060946606e-8
0.9934846590887283,1.5571292351202235e-8
0.9934846590887283,1.5571292351202235e-8
0.9968081105817876,1.563634996008949e-8
0.9968081105817876,1.563634996008949e-8
0.9994787225268486,1.5687798856430053e-8
0.9994787225268486,1.5687798856430053e-8
1.003324232069846,1.5773259181054806e-8
1.003324232069846,1.5773259181054806e-8
1.004483667758979,1.5800185653308944e-8
1.004483667758979,1.5800185653308944e-8
1.0076038700912389,1.586995865109175e-8
1.0076038700912389,1.586995865109175e-8
1.009343660631766,1.5909859500754622e-8
1.009343660631766,1.5909859500754622e-8
1.0132612571812658,1.5998550704948288e-8
1.0132612571812658,1.5998550704948288e-8
1.0157706293793833,1.605676924553655e-8
1.0157706293793833,1.605676924553655e-8
1.022172114471862,1.6202220599689492e-8
1.022172114471862,1.6202220599689492e-8
1.0232966995987853,1.622808522347569e-8
1.0232966995987853,1.622808522347569e-8
1.0240109728901738,1.6245009160903054e-8
1.0240109728901738,1.6245009160903054e-8
1.0272832828654335,1.631958131694174e-8
1.0272832828654335,1.631958131694174e-8
1.0323206492728385,1.6435196325311392e-8
1.0323206492728385,1.6435196325311392e-8
1.0334315340574016,1.646143286290147e-8
1.0334315340574016,1.646143286290147e-8
1.0351735769637729,1.6500996520231806e-8
1.0351735769637729,1.6500996520231806e-8
1.0406877412432465,1.6628660521586233e-8
1.0406877412432465,1.6628660521586233e-8
1.0436667449459858,1.6696553661500194e-8
1.0436667449459858,1.6696553661500194e-8
1.0483277988761734,1.6803955023071968e-8
1.0483277988761734,1.6803955023071968e-8
1.049135271108406,1.6823073565652852e-8
1.049135271108406,1.6823073565652852e-8
1.054003326402896,1.693449782070637e-8
1.054003326402896,1.693449782070637e-8
1.0576513717445997,1.7019759578829294e-8
1.0576513717445997,1.7019759578829294e-8
1.061633848452396,1.7110854383644207e-8
1.061633848452396,1.7110854383644207e-8
1.064442282412539,1.717583294454196e-8
1.064442282412539,1.717583294454196e-8
1.066249427184318,1.7217385513381685e-8
1.066249427184318,1.7217385513381685e-8
1.07452949604578,1.7410155814912037e-8
1.07452949604578,1.7410155814912037e-8
1.0749044478239274,1.74186816023951e-8
1.0749044478239274,1.74186816023951e-8
1.074984626902883,1.742060735796355e-8
1.074984626902883,1.742060735796355e-8
1.0751062001399372,1.7423083642252776e-8
1.0751062001399372,1.7423083642252776e-8
1.0836323308129632,1.7622052826483584e-8
1.0836323308129632,1.7622052826483584e-8
1.0856313838439442,1.7668870074610857e-8
1.0856313838439442,1.7668870074610857e-8
1.0887599973413593,1.7742131053412647e-8
1.0887599973413593,1.7742131053412647e-8
1.092433709941429,1.7827516952695874e-8
1.092433709941429,1.7827516952695874e-8
1.0963835873472396,1.7920104774295566e-8
1.0963835873472396,1.7920104774295566e-8
1.1013145244075417,1.803452220927468e-8
1.1013145244075417,1.803452220927468e-8
1.102552709524988,1.806331185136341e-8
1.102552709524988,1.806331185136341e-8
1.1072422817662335,1.8173189661381312e-8
1.1072422817662335,1.8173189661381312e-8
1.1102621916234678,1.824450738035469e-8
1.1102621916234678,1.824450738035469e-8
1.1165201515938483,1.8390306894776604e-8
1.1165201515938483,1.8390306894776604e-8
1.118208521797772,1.8430430989025307e-8
1.118208521797772,1.8430430989025307e-8
1.1192960200638271,1.8455480124394676e-8
1.1192960200638271,1.8455480124394676e-8
1.1242948371082775,1.8573609188420003e-8
1.1242948371082775,1.8573609188420003e-8
1.1283952085970868,1.866977701209762e-8
1.1283952085970868,1.866977701209762e-8
1.129283372584526,1.869072319180806e-8
1.129283372584526,1.869072319180806e-8
1.130669978066816,1.8723812837222224e-8
1.130669978066816,1.8723812837222224e-8
1.1375765792717774,1.8885667417069548e-8
1.1375765792717774,1.8885667417069548e-8
1.140467909818448,1.895169821789378e-8
1.140467909818448,1.895169821789378e-8
1.1449054619094217,1.9053133331713932e-8
1.1449054619094217,1.9053133331713932e-8
1.1468850853003378,1.9098322673210246e-8
1.1468850853003378,1.9098322673210246e-8
1.1517632198452525,1.92102484925235e-8
1.1517632198452525,1.92102484925235e-8
1.156261414252076,1.931428752553919e-8
1.156261414252076,1.931428752553919e-8
1.1592699660894101,1.938273524112178e-8
1.1592699660894101,1.938273524112178e-8
1.1631703997699323,1.9471711020854627e-8
1.1631703997699323,1.9471711020854627e-8
1.1657312281953713,1.953084373197825e-8
1.1657312281953713,1.953084373197825e-8
1.1738033966678036,1.9716793378016028e-8
1.1738033966678036,1.9716793378016028e-8
1.17469055756332,1.973673220454349e-8
1.17469055756332,1.973673220454349e-8
1.1752672888972786,1.975107568934882e-8
1.1752672888972786,1.975107568934882e-8
1.1780418108493502,1.981481165083432e-8
1.1780418108493502,1.981481165083432e-8
1.1848300418574054,1.9979469832805474e-8
1.1848300418574054,1.9979469832805474e-8
1.1863248121697032,2.0015473244528485e-8
1.1863248121697032,2.0015473244528485e-8
1.1886963428481117,2.007625728123197e-8
1.1886963428481117,2.007625728123197e-8
1.1943786388221953,2.0220721508513133e-8
1.1943786388221953,2.0220721508513133e-8
1.1980742936155078,2.031546899385763e-8
1.1980742936155078,2.031546899385763e-8
1.203989703673007,2.0465855920134666e-8
1.203989703673007,2.0465855920134666e-8
1.203995497521387,2.0465855920134666e-8
1.203995497521387,2.0465855920134666e-8
1.209940143119056,2.061800732686913e-8
1.209940143119056,2.061800732686913e-8
1.213683948428525,2.0714616359648413e-8
1.213683948428525,2.0714616359648413e-8
1.2194768894662362,2.086268560035601e-8
1.2194768894662362,2.086268560035601e-8
1.2219235132014123,2.0925712014111535e-8
1.2219235132014123,2.0925712014111535e-8
1.2234591927447716,2.096540711579225e-8
1.2234591927447716,2.096540711579225e-8
1.230236775752574,2.113895887304599e-8
1.230236775752574,2.113895887304599e-8
1.2333250387082983,2.1217893765598896e-8
1.2333250387082983,2.1217893765598896e-8
1.2340255677983272,2.1236667306525666e-8
1.2340255677983272,2.1236667306525666e-8
1.2351365433292456,2.126418710774272e-8
1.2351365433292456,2.126418710774272e-8
1.2432794161376663,2.1472403751918434e-8
1.2432794161376663,2.1472403751918434e-8
1.2462474823732883,2.1548159282451534e-8
1.2462474823732883,2.1548159282451534e-8
1.2509701974110723,2.1670335125098563e-8
1.2509701974110723,2.1670335125098563e-8
1.2533081058718532,2.1730652974025274e-8
1.2533081058718532,2.1730652974025274e-8
1.2585904440316937,2.1866292017374673e-8
1.2585904440316937,2.1866292017374673e-8
1.2634237700557254,2.1991313539689e-8
1.2634237700557254,2.1991313539689e-8
1.2670129258287135,2.2084938171174492e-8
1.2670129258287135,2.2084938171174492e-8
1.2710556516361535,2.218912160067845e-8
1.2710556516361535,2.218912160067845e-8
1.273614950596659,2.2255803704849323e-8
1.273614950596659,2.2255803704849323e-8
1.2832119883793611,2.25017868817489e-8
1.2832119883793611,2.25017868817489e-8
1.2836443159229356,2.2513161597860246e-8
1.2836443159229356,2.2513161597860246e-8
1.2839192284451981,2.251991805592286e-8
1.2839192284451981,2.251991805592286e-8
1.2851276878823306,2.2551593732535578e-8
1.2851276878823306,2.2551593732535578e-8
1.2943006453877222,2.2787886473604005e-8
1.2943006453877222,2.2787886473604005e-8
1.2963576596195618,2.2840490807675474e-8
1.2963576596195618,2.2840490807675474e-8
1.2996025248603822,2.2924693210307365e-8
1.2996025248603822,2.2924693210307365e-8
1.3047722824106471,2.3058315163941534e-8
1.3047722824106471,2.3058315163941534e-8
1.3091969175635723,2.3174043109120426e-8
1.3091969175635723,2.3174043109120426e-8
1.315315981825423,2.3333427058985407e-8
1.315315981825423,2.3333427058985407e-8
1.3162087523940975,2.3356285504608406e-8
1.3162087523940975,2.3356285504608406e-8
1.3221633368224637,2.3522123065656353e-8
1.3221633368224637,2.3522123065656353e-8
1.3258140855036131,2.3627115235548147e-8
1.3258140855036131,2.3627115235548147e-8
1.3334730754378357,2.3848298092703728e-8
1.3334730754378357,2.3848298092703728e-8
1.335258176814815,2.3899575566027877e-8
1.335258176814815,2.3899575566027877e-8
1.3363445320665397,2.3930546130253225e-8
1.3363445320665397,2.3930546130253225e-8
1.3407181540216613,2.4058629515846984e-8
1.3407181540216613,2.4058629515846984e-8
1.346887319806571,2.424629663189975e-8
1.346887319806571,2.424629663189975e-8
1.3484827094326157,2.429305803504003e-8
1.3484827094326157,2.429305803504003e-8
1.3511816540291905,2.4376454981499353e-8
1.3511816540291905,2.4376454981499353e-8
1.357480619777391,2.457009333046672e-8
1.357480619777391,2.457009333046672e-8
1.3618382191648022,2.4703940543278407e-8
1.3618382191648022,2.4703940543278407e-8
1.3680453155825796,2.4911587126081856e-8
1.3680453155825796,2.4911587126081856e-8
1.3695009992878453,2.4961208405092866e-8
1.3695009992878453,2.4961208405092866e-8
1.37532600322202,2.5163862992350908e-8
1.37532600322202,2.5163862992350908e-8
1.3785462798400951,2.5275384790874533e-8
1.3785462798400951,2.5275384790874533e-8
1.3886132175151087,2.5625871832149965e-8
1.3886132175151087,2.5625871832149965e-8
1.3889473716626206,2.563639641765178e-8
1.3889473716626206,2.563639641765178e-8
1.3891378755051111,2.564328021436392e-8
1.3891378755051111,2.564328021436392e-8
1.389696168775461,2.5666374671591982e-8
1.389696168775461,2.5666374671591982e-8
1.3998041119772764,2.6017352302886154e-8
1.3998041119772764,2.6017352302886154e-8
1.4027036475199062,2.6119453158847056e-8
1.4027036475199062,2.6119453158847056e-8
1.407944730414922,2.6302417670875972e-8
1.407944730414922,2.6302417670875972e-8
1.4105692168965667,2.6394796835183344e-8
1.4105692168965667,2.6394796835183344e-8
1.4165961669306355,2.6606569113018266e-8
1.4165961669306355,2.6606569113018266e-8
1.4214171101738362,2.6777717112026135e-8
1.4214171101738362,2.6777717112026135e-8
1.4275110183253452,2.6992561658223643e-8
1.4275110183253452,2.6992561658223643e-8
1.4306262792648017,2.7104481745875e-8
1.4306262792648017,2.7104481745875e-8
1.432348428487712,2.7166192572314187e-8
1.432348428487712,2.7166192572314187e-8
1.4384684347280763,2.738155921760312e-8
1.4384684347280763,2.738155921760312e-8
1.443391596678848,2.7556821954748376e-8
1.443391596678848,2.7556821954748376e-8
1.4447953472566948,2.760691590116178e-8
1.4447953472566948,2.760691590116178e-8
1.447314395828807,2.7696439762434122e-8
1.447314395828807,2.7696439762434122e-8
1.4545094067458901,2.7954392710763504e-8
1.4545094067458901,2.7954392710763504e-8
1.4591047471372638,2.8119551816803667e-8
1.4591047471372638,2.8119551816803667e-8
1.4657234323941348,2.8356355817365976e-8
1.4657234323941348,2.8356355817365976e-8
1.467371314901867,2.841597995130876e-8
1.467371314901867,2.841597995130876e-8
1.4735558687677892,2.8639445327293344e-8
1.4735558687677892,2.8639445327293344e-8
1.4770239163152898,2.8764098850605934e-8
1.4770239163152898,2.8764098850605934e-8
1.4876596496191723,2.9148228451364284e-8
1.4876596496191723,2.9148228451364284e-8
1.4881501157748787,2.9166187129246036e-8
1.4881501157748787,2.9166187129246036e-8
1.4884222689190258,2.917632254628675e-8
1.4884222689190258,2.917632254628675e-8
1.4893536955922497,2.921136291277399e-8
1.4893536955922497,2.921136291277399e-8
1.499897757095083,2.9595856083333417e-8
1.499897757095083,2.9595856083333417e-8
1.5028889056868,2.9712938690096452e-8
1.5028889056868,2.9712938690096452e-8
1.5085261000919516,2.993809163072017e-8
1.5085261000919516,2.993809163072017e-8
1.5112580764952956,3.004798507809451e-8
1.5112580764952956,3.004798507809451e-8
1.5143301771403335,3.0171620947623276e-8
1.5143301771403335,3.0171620947623276e-8
1.5177736700711657,3.0308208049193155e-8
1.5177736700711657,3.0308208049193155e-8
1.5227044396650016,3.050702114211979e-8
1.5227044396650016,3.050702114211979e-8
1.5301085553312268,3.080525611751042e-8
1.5301085553312268,3.080525611751042e-8
1.532805854673978,3.091442656484865e-8
1.532805854673978,3.091442656484865e-8
1.5342374983050908,3.097306979309651e-8
1.5342374983050908,3.097306979309651e-8
1.5389699350529877,3.116344531151524e-8
1.5389699350529877,3.116344531151524e-8
1.5458765065924736,3.1443755111095595e-8
1.5458765065924736,3.1443755111095595e-8
1.5479869195600562,3.153077861641364e-8
1.5479869195600562,3.153077861641364e-8
1.5519512456941735,3.169103113572381e-8
1.5519512456941735,3.169103113572381e-8
1.5575963150639751,3.192260153458653e-8
1.5575963150639751,3.192260153458653e-8
1.5633183392548482,3.215434057404692e-8
1.5633183392548482,3.215434057404692e-8
1.569423856160194,3.240618109959399e-8
1.569423856160194,3.240618109959399e-8
1.574083021487797,3.259918657408117e-8
1.574083021487797,3.259918657408117e-8
1.5788016028876528,3.2794377379924684e-8
1.5788016028876528,3.2794377379924684e-8
1.5813297946400213,3.289864483528097e-8
1.5813297946400213,3.289864483528097e-8
1.5896576000653837,3.3245977826632564e-8
1.5896576000653837,3.3245977826632564e-8
1.593318386383557,3.339964728748205e-8
1.593318386383557,3.339964728748205e-8
1.594438214336256,3.344292863859069e-8
1.594438214336256,3.344292863859069e-8
1.5965112030389,3.353071875613679e-8
1.5965112030389,3.353071875613679e-8
1.6054403584164425,3.390238921283616e-8
1.6054403584164425,3.390238921283616e-8
1.6102296923730028,3.4103228638212774e-8
1.6102296923730028,3.4103228638212774e-8
1.6158184621543807,3.4338864777158404e-8
1.6158184621543807,3.4338864777158404e-8
1.6176389855896534,3.441487255036907e-8
1.6176389855896534,3.441487255036907e-8
1.619196614202945,3.448015596171939e-8
1.619196614202945,3.448015596171939e-8
1.6261775708123132,3.4774368824868195e-8
1.6261775708123132,3.4774368824868195e-8
1.6299224581401912,3.4936206285643096e-8
1.6299224581401912,3.4936206285643096e-8
1.642156955693765,3.546767793484392e-8
1.642156955693765,3.546767793484392e-8
1.6422557384289753,3.547159913162804e-8
1.6422557384289753,3.547159913162804e-8
1.6422833986596612,3.547103893411819e-8
1.6422833986596612,3.547103893411819e-8
1.642330817281861,3.547440025188853e-8
1.642330817281861,3.547440025188853e-8
1.6546106797047377,3.602543642433929e-8
1.6546106797047377,3.602543642433929e-8
1.658548740262029,3.620338646536262e-8
1.658548740262029,3.620338646536262e-8
1.6661282521175864,3.654518648907881e-8
1.6661282521175864,3.654518648907881e-8
1.66704653581926,3.6589654615709633e-8
1.66704653581926,3.6589654615709633e-8
1.6749751754598485,3.694852011967857e-8
1.6749751754598485,3.694852011967857e-8
1.679600105861764,3.715918811072173e-8
1.679600105861764,3.715918811072173e-8
1.690644714085722,3.7703035123775943e-8
1.690644714085722,3.7703035123775943e-8
1.6915642997404539,3.774950829102084e-8
1.6915642997404539,3.774950829102084e-8
1.6920039243620333,3.777336290039085e-8
1.6920039243620333,3.777336290039085e-8
1.6932582962947964,3.783784566811842e-8
1.6932582962947964,3.783784566811842e-8
1.7044788390140808,3.840072108635951e-8
1.7044788390140808,3.840072108635951e-8
1.708317724393046,3.8594670439787596e-8
1.708317724393046,3.8594670439787596e-8
1.716211393467139,3.900029234689695e-8
1.716211393467139,3.900029234689695e-8
1.7170292040723492,3.9040964952336123e-8
1.7170292040723492,3.9040964952336123e-8
1.7252370766651992,3.9462493867310394e-8
1.7252370766651992,3.9462493867310394e-8
1.72967614134977,3.96912565671327e-8
1.72967614134977,3.96912565671327e-8
1.7420850607754892,4.0330081085304953e-8
1.7420850607754892,4.0330081085304953e-8
1.7423239999209124,4.034345887131895e-8
1.7423239999209124,4.034345887131895e-8
1.74244138553928,4.034855633790941e-8
1.74244138553928,4.034855633790941e-8
1.742726497824924,4.036640254359107e-8
1.742726497824924,4.036640254359107e-8
1.7552923921284684,4.101803677378362e-8
1.7552923921284684,4.101803677378362e-8
1.759580153800228,4.1241485249267044e-8
1.759580153800228,4.1241485249267044e-8
1.7681360722328279,4.1693357485617885e-8
1.7681360722328279,4.1693357485617885e-8
1.7682466877181748,4.169730844469979e-8
1.7682466877181748,4.169730844469979e-8
1.7683317812620198,4.170257697255178e-8
1.7683317812620198,4.170257697255178e-8
1.7770072143804332,4.215816964456504e-8
1.7770072143804332,4.215816964456504e-8
1.7813051597328011,4.238649023111247e-8
1.7813051597328011,4.238649023111247e-8
1.7940887891346347,4.306393309501186e-8
1.7940887891346347,4.306393309501186e-8
1.7944773390136186,4.308434115247397e-8
1.7944773390136186,4.308434115247397e-8
1.7946068743388537,4.3089784934334543e-8
1.7946068743388537,4.3089784934334543e-8
1.7948659730417322,4.310475888134273e-8
1.7948659730417322,4.310475888134273e-8
1.8077295239463833,4.379644810396353e-8
1.8077295239463833,4.379644810396353e-8
1.8123808431172639,4.40461606690946e-8
1.8123808431172639,4.40461606690946e-8
1.8202297253949833,4.447956330337212e-8
1.8202297253949833,4.447956330337212e-8
1.8210357596095843,4.452735654445676e-8
1.8210357596095843,4.452735654445676e-8
1.821982429136854,4.45836496381233e-8
1.821982429136854,4.45836496381233e-8
1.8303308470879234,4.5082107725112716e-8
1.8303308470879234,4.5082107725112716e-8
1.834183954088042,4.531194933475501e-8
1.834183954088042,4.531194933475501e-8
1.8446199184529304,4.5941729179582167e-8
1.8446199184529304,4.5941729179582167e-8
1.8474315259102871,4.6109638802025154e-8
1.8474315259102871,4.6109638802025154e-8
1.8484586297212573,4.617303645792801e-8
1.8484586297212573,4.617303645792801e-8
1.8506971130548042,4.630813746714795e-8
1.8506971130548042,4.630813746714795e-8
1.8607568708674525,4.6924335315015796e-8
1.8607568708674525,4.6924335315015796e-8
1.8667659517552002,4.729484560032033e-8
1.8667659517552002,4.729484560032033e-8
1.8741512737041799,4.775795166629929e-8
1.8741512737041799,4.775795166629929e-8
1.8800543255754611,4.813124328383123e-8
1.8800543255754611,4.813124328383123e-8
1.8852545913662124,4.846074448767448e-8
1.8852545913662124,4.846074448767448e-8
1.8876193851878078,4.86102156574439e-8
1.8876193851878078,4.86102156574439e-8
1.8938382437305892,4.901183724564494e-8
1.8938382437305892,4.901183724564494e-8
1.9011614097884024,4.948159586884579e-8
1.9011614097884024,4.948159586884579e-8
1.9039263443419958,4.9658521701265047e-8
1.9039263443419958,4.9658521701265047e-8
1.9100380693647376,5.005378276555361e-8
1.9100380693647376,5.005378276555361e-8
1.9148466591506557,5.036064225547988e-8
1.9148466591506557,5.036064225547988e-8
1.9187899628245797,5.062299146184467e-8
1.9187899628245797,5.062299146184467e-8
1.9227830242559154,5.08762609452937e-8
1.9227830242559154,5.08762609452937e-8
1.9286211389760721,5.125692397750099e-8
1.9286211389760721,5.125692397750099e-8
1.940289908946514,5.201613541101656e-8
1.940289908946514,5.201613541101656e-8
1.941826462643151,5.2118922999430606e-8
1.941826462643151,5.2118922999430606e-8
1.942518075044389,5.216503769605405e-8
1.942518075044389,5.216503769605405e-8
1.9443698170757238,5.228710875909274e-8
1.9443698170757238,5.228710875909274e-8
1.956505732221724,5.3090917273309354e-8
1.956505732221724,5.3090917273309354e-8
1.961058509178594,5.339362376462137e-8
1.961058509178594,5.339362376462137e-8
1.9705988529748606,5.40323769899192e-8
1.9705988529748606,5.40323769899192e-8
1.9710825406303285,5.406652104383597e-8
1.9710825406303285,5.406652104383597e-8
1.980481031856502,5.4702956157362015e-8
1.980481031856502,5.4702956157362015e-8
1.9847743870911692,5.499400554993103e-8
1.9847743870911692,5.499400554993103e-8
1.9962496786990094,5.578125399957585e-8
1.9962496786990094,5.578125399957585e-8
1.9990615129897427,5.597098054470174e-8
1.9990615129897427,5.597098054470174e-8
2.000095917171939,5.6046166584142214e-8
2.000095917171939,5.6046166584142214e-8
2.0025517613215866,5.623235361088496e-8
2.0025517613215866,5.623235361088496e-8
2.013039737173505,5.7041833343781065e-8
2.013039737173505,5.7041833343781065e-8
2.0199050703040067,5.757673401608903e-8
2.0199050703040067,5.757673401608903e-8
2.0270766834605856,5.814051923292727e-8
2.0270766834605856,5.814051923292727e-8
2.036751966487449,5.8906721348026746e-8
2.036751966487449,5.8906721348026746e-8
2.039910415300895,5.915563912846079e-8
2.039910415300895,5.915563912846079e-8
2.0412115095149796,5.9260366971408824e-8
2.0412115095149796,5.9260366971408824e-8
2.044332603607124,5.950889945170468e-8
2.044332603607124,5.950889945170468e-8
2.0554448978532864,6.040178415876898e-8
2.0554448978532864,6.040178415876898e-8
2.0601138952667615,6.078168153366723e-8
2.0601138952667615,6.078168153366723e-8
2.0685378653326074,6.146512104308215e-8
2.0685378653326074,6.146512104308215e-8
2.0697775357513,6.156518624534926e-8
2.0697775357513,6.156518624534926e-8
2.0715561908242335,6.171217832108687e-8
2.0715561908242335,6.171217832108687e-8
2.0805174725504663,6.244946097061207e-8
2.0805174725504663,6.244946097061207e-8
2.0841850413590595,6.275595200247508e-8
2.0841850413590595,6.275595200247508e-8
2.0928887174433655,6.348564903148309e-8
2.0928887174433655,6.348564903148309e-8
2.098758482726048,6.395661681496758e-8
2.098758482726048,6.395661681496758e-8
2.1011231289361705,6.414476510977705e-8
2.1011231289361705,6.414476510977705e-8
2.1067473123671707,6.460939744797671e-8
2.1067473123671707,6.460939744797671e-8
2.1134745087485425,6.517201849133836e-8
2.1134745087485425,6.517201849133836e-8
2.118346678051045,6.557259734547104e-8
2.118346678051045,6.557259734547104e-8
2.1219328658358276,6.587568681190588e-8
2.1219328658358276,6.587568681190588e-8
2.128293720260782,6.641051709353932e-8
2.128293720260782,6.641051709353932e-8
2.142283665045837,6.759030776238339e-8
2.142283665045837,6.759030776238339e-8
2.1429487044835773,6.764690638990777e-8
2.1429487044835773,6.764690638990777e-8
2.1432168407763865,6.767255154476177e-8
2.1432168407763865,6.767255154476177e-8
2.1437738464383846,6.772814940426881e-8
2.1437738464383846,6.772814940426881e-8
2.158244598882097,6.895856910928885e-8
2.158244598882097,6.895856910928885e-8
2.16417268613207,6.947452640501158e-8
2.16417268613207,6.947452640501158e-8
2.1733620402505336,7.02723548999052e-8
2.1733620402505336,7.02723548999052e-8
2.1784875809634943,7.072326816692855e-8
2.1784875809634943,7.072326816692855e-8
2.1856068722507263,7.134250907504185e-8
2.1856068722507263,7.134250907504185e-8
2.188643298082987,7.159873128828431e-8
2.188643298082987,7.159873128828431e-8
2.196234335901257,7.225415966767817e-8
2.196234335901257,7.225415966767817e-8
2.204090335954332,7.293747076731474e-8
2.204090335954332,7.293747076731474e-8
2.2072533447259723,7.321445120205635e-8
2.2072533447259723,7.321445120205635e-8
2.2146531381325754,7.385900376154616e-8
2.2146531381325754,7.385900376154616e-8
2.2196570775489994,7.42988949052245e-8
2.2196570775489994,7.42988949052245e-8
2.2291142060634477,7.513788411537791e-8
2.2291142060634477,7.513788411537791e-8
2.2353122481286554,7.569051224908827e-8
2.2353122481286554,7.569051224908827e-8
2.2506716472371178,7.708262569113218e-8
2.2506716472371178,7.708262569113218e-8
2.251072417819781,7.710941234495536e-8
2.251072417819781,7.710941234495536e-8
2.251191579592221,7.711915525407183e-8
2.251191579592221,7.711915525407183e-8
2.251473259766502,7.714595460212757e-8
2.251473259766502,7.714595460212757e-8
2.2669437052972032,7.855491124987035e-8
2.2669437052972032,7.855491124987035e-8
2.2734876096710273,7.915016941173711e-8
2.2734876096710273,7.915016941173711e-8
2.2832455070917272,7.995423656831233e-8
2.2832455070917272,7.995423656831233e-8
2.2878318634250787,8.033141247455614e-8
2.2878318634250787,8.033141247455614e-8
2.2960044618965503,8.101174789530672e-8
2.2960044618965503,8.101174789530672e-8
2.2998582074436014,8.133351869017228e-8
2.2998582074436014,8.133351869017228e-8
2.3105686136492993,8.223375942322552e-8
2.3105686136492993,8.223375942322552e-8
2.3165694847118954,8.274182145440573e-8
2.3165694847118954,8.274182145440573e-8
2.318744323313761,8.29275866387435e-8
2.318744323313761,8.29275866387435e-8
2.323379624912205,8.331878901882447e-8
2.323379624912205,8.331878901882447e-8
2.333407804209767,8.417317984908335e-8
2.333407804209767,8.417317984908335e-8
2.3417094026283483,8.488873286148036e-8
2.3417094026283483,8.488873286148036e-8
2.342250365805349,8.493700981444519e-8
2.342250365805349,8.493700981444519e-8
2.3503458947029827,8.563470897954748e-8
2.3503458947029827,8.563470897954748e-8
2.3595308134688393,8.64295445079533e-8
2.3595308134688393,8.64295445079533e-8
2.364901930421244,8.689625803557551e-8
2.364901930421244,8.689625803557551e-8
2.3674639007638585,8.710785715991322e-8
2.3674639007638585,8.710785715991322e-8
2.374937892252893,8.772912349890181e-8
2.374937892252893,8.772912349890181e-8
2.3849016749080065,8.855878208359615e-8
2.3849016749080065,8.855878208359615e-8
2.388324159365282,8.884175167207363e-8
2.388324159365282,8.884175167207363e-8
2.3953106601642986,8.942735251141548e-8
2.3953106601642986,8.942735251141548e-8
2.4024563274705266,9.003671840279377e-8
2.4024563274705266,9.003671840279377e-8
2.4119783644439967,9.083654050228769e-8
2.4119783644439967,9.083654050228769e-8
2.420169310997894,9.153209154382738e-8
2.420169310997894,9.153209154382738e-8
2.431580415106643,9.251598860409777e-8
2.431580415106643,9.251598860409777e-8
2.4358668431725885,9.288198623168886e-8
2.4358668431725885,9.288198623168886e-8
2.437954229668362,9.306699744476673e-8
2.437954229668362,9.306699744476673e-8
2.4439448537516584,9.359172150059637e-8
2.4439448537516584,9.359172150059637e-8
2.4558816612067305,9.462465339815827e-8
2.4558816612067305,9.462465339815827e-8
2.459991915821084,9.500649488128561e-8
2.459991915821084,9.500649488128561e-8
2.4688864294179775,9.583532849572619e-8
2.4688864294179775,9.583532849572619e-8
2.47364331232268,9.628438054257382e-8
2.47364331232268,9.628438054257382e-8
2.4776700220849492,9.666833941927019e-8
2.4776700220849492,9.666833941927019e-8
2.484355925639699,9.728709007650109e-8
2.484355925639699,9.728709007650109e-8
2.491563395418396,9.796548335361497e-8
2.491563395418396,9.796548335361497e-8
2.5076334930759434,9.949978559449407e-8
2.5076334930759434,9.949978559449407e-8
2.508961239086437,9.962557682004503e-8
2.508961239086437,9.962557682004503e-8
2.509564992380308,9.968853205644094e-8
2.509564992380308,9.968853205644094e-8
2.5110870951338367,9.984609425118492e-8
2.5110870951338367,9.984609425118492e-8
2.5276966512518526,1.01441886298837e-7
2.5276966512518526,1.01441886298837e-7
2.5338102460569427,1.020331641363742e-7
2.5338102460569427,1.020331641363742e-7
2.545959311733013,1.0322607910446505e-7
2.545959311733013,1.0322607910446505e-7
2.5471357423518417,1.0334352361000596e-7
2.5471357423518417,1.0334352361000596e-7
2.55890536011663,1.0457818083604038e-7
2.55890536011663,1.0457818083604038e-7
2.564045434527536,1.0512463161812593e-7
2.564045434527536,1.0512463161812593e-7
2.5771454576458424,1.0651842254181577e-7
2.5771454576458424,1.0651842254181577e-7
2.5822351859313746,1.0706486592489023e-7
2.5822351859313746,1.0706486592489023e-7
2.584249018735109,1.0728151648683829e-7
2.584249018735109,1.0728151648683829e-7
2.5888730924076646,1.0777569068476778e-7
2.5888730924076646,1.0777569068476778e-7
2.600541464016859,1.0904435440886194e-7
2.600541464016859,1.0904435440886194e-7
2.6098436835229375,1.1005820933463692e-7
2.6098436835229375,1.1005820933463692e-7
2.6189775210702577,1.1106044103008702e-7
2.6189775210702577,1.1106044103008702e-7
2.6314273079683956,1.1243522648448454e-7
2.6314273079683956,1.1243522648448454e-7
2.635691840470713,1.1291390215006432e-7
2.635691840470713,1.1291390215006432e-7
2.637474469969175,1.1313345457983894e-7
2.637474469969175,1.1313345457983894e-7
2.6411767969469166,1.1363663672464799e-7
2.6411767969469166,1.1363663672464799e-7
2.6552585993631044,1.1548566121694648e-7
2.6552585993631044,1.1548566121694648e-7
2.661796000190538,1.1636076604902188e-7
2.661796000190538,1.1636076604902188e-7
2.6692870264583335,1.1737218627069e-7
2.6692870264583335,1.1737218627069e-7
2.6731562128240935,1.178886353977608e-7
2.6731562128240935,1.178886353977608e-7
2.679879532021762,1.1880070970131179e-7
2.679879532021762,1.1880070970131179e-7
2.688158698159871,1.1993178986462423e-7
2.688158698159871,1.1993178986462423e-7
2.6911679888677953,1.203435101611661e-7
2.6911679888677953,1.203435101611661e-7
2.6974887336020097,1.212305336292438e-7
2.6974887336020097,1.212305336292438e-7
2.7092554970679528,1.2286308630287797e-7
2.7092554970679528,1.2286308630287797e-7
2.7147824949677974,1.2363973961904222e-7
2.7147824949677974,1.2363973961904222e-7
2.7274317600029394,1.2544531901955676e-7
2.7274317600029394,1.2544531901955676e-7
2.730649265702908,1.2595749957581303e-7
2.730649265702908,1.2595749957581303e-7
2.741669976563737,1.2775454937662806e-7
2.741669976563737,1.2775454937662806e-7
2.7450033482682694,1.283045234855888e-7
2.7450033482682694,1.283045234855888e-7
2.751185738438025,1.2933190129203647e-7
2.751185738438025,1.2933190129203647e-7
2.762621670009732,1.3124962276584475e-7
2.762621670009732,1.3124962276584475e-7
2.768823754508615,1.3228804705881994e-7
2.768823754508615,1.3228804705881994e-7
2.7762953259518395,1.3358339745634898e-7
2.7762953259518395,1.3358339745634898e-7
2.7803865210651115,1.3425172220552222e-7
2.7803865210651115,1.3425172220552222e-7
2.7894593929380163,1.3579129163292702e-7
2.7894593929380163,1.3579129163292702e-7
2.796246466228521,1.3695862554435842e-7
2.796246466228521,1.3695862554435842e-7
2.798299272497827,1.3731164605682783e-7
2.798299272497827,1.3731164605682783e-7
2.80206554186115,1.3797465202098339e-7
2.80206554186115,1.3797465202098339e-7
2.816259664765789,1.4046349463540176e-7
2.816259664765789,1.4046349463540176e-7
2.8239407752708825,1.4180530125627548e-7
2.8239407752708825,1.4180530125627548e-7
2.8344239899942862,1.4365819338502014e-7
2.8344239899942862,1.4365819338502014e-7
2.849261879440171,1.4630038057768775e-7
2.849261879440171,1.4630038057768775e-7
2.851909371563168,1.4677712229850964e-7
2.851909371563168,1.4677712229850964e-7
2.8527054715756353,1.4692555229539582e-7
2.8527054715756353,1.4692555229539582e-7
2.8542159268791942,1.471949643524165e-7
2.8542159268791942,1.471949643524165e-7
2.8710496003999166,1.5028621047425623e-7
2.8710496003999166,1.5028621047425623e-7
2.880154971674165,1.5197125381729295e-7
2.880154971674165,1.5197125381729295e-7
2.8803767381354013,1.5203366864809785e-7
2.8803767381354013,1.5203366864809785e-7
2.8894977850358092,1.53728593260043e-7
2.8894977850358092,1.53728593260043e-7
2.906665429141785,1.5703143449431618e-7
2.906665429141785,1.5703143449431618e-7
2.908036521905221,1.5725975967181388e-7
2.908036521905221,1.5725975967181388e-7
2.908680319077828,1.573839886545082e-7
2.908680319077828,1.573839886545082e-7
2.910801658943307,1.5778467312409764e-7
2.910801658943307,1.5778467312409764e-7
2.926736453291435,1.6085679428757763e-7
2.926736453291435,1.6085679428757763e-7
2.9374881844197636,1.6294318095798145e-7
2.9374881844197636,1.6294318095798145e-7
2.945592070019426,1.6452311255447844e-7
2.945592070019426,1.6452311255447844e-7
2.9606770799532853,1.675252378899594e-7
2.9606770799532853,1.675252378899594e-7
2.964497835231496,1.6829957255141728e-7
2.964497835231496,1.6829957255141728e-7
2.9665813657863294,1.6870939505682062e-7
2.9665813657863294,1.6870939505682062e-7
2.9734917371121554,1.7010328591434385e-7
2.9734917371121554,1.7010328591434385e-7
2.9835034078936764,1.721708744057277e-7
2.9835034078936764,1.721708744057277e-7
2.995962688976416,1.7475692424596029e-7
2.995962688976416,1.7475692424596029e-7
3.0025152346577406,1.7617573746120208e-7
3.0025152346577406,1.7617573746120208e-7
3.013777385850786,1.7872030157823758e-7
3.013777385850786,1.7872030157823758e-7
3.0212847135709864,1.8041616668088364e-7
3.0212847135709864,1.8041616668088364e-7
3.025635007775911,1.814161855021843e-7
3.025635007775911,1.814161855021843e-7
3.04008374708365,1.8479367810063773e-7
3.04008374708365,1.8479367810063773e-7
3.0424473262509473,1.8534023327146187e-7
3.0424473262509473,1.8534023327146187e-7
3.0556012042348906,1.884720230259702e-7
3.0556012042348906,1.884720230259702e-7
3.0589850314453453,1.8928338147413124e-7
3.0589850314453453,1.8928338147413124e-7
3.06467240009436,1.906634880721496e-7
3.06467240009436,1.906634880721496e-7
3.0780038318297036,1.938821656159116e-7
3.0780038318297036,1.938821656159116e-7
3.0858641889475473,1.9580846862890844e-7
3.0858641889475473,1.9580846862890844e-7
3.0970812632536644,1.9861777325900993e-7
3.0970812632536644,1.9861777325900993e-7
3.1159770280965104,2.034047915251805e-7
3.1159770280965104,2.034047915251805e-7
3.11626194027311,2.034754758549851e-7
3.11626194027311,2.034754758549851e-7
3.116426901334891,2.0352046958070378e-7
3.116426901334891,2.0352046958070378e-7
3.1170718329129845,2.036812426923138e-7
3.1170718329129845,2.036812426923138e-7
3.135531228302415,2.0846515463834905e-7
3.135531228302415,2.0846515463834905e-7
3.141602793057604,2.1009126781086807e-7
3.141602793057604,2.1009126781086807e-7
3.1472923099302577,2.1159635369688523e-7
3.1472923099302577,2.1159635369688523e-7
3.154820985193167,2.136210453690534e-7
3.154820985193167,2.136210453690534e-7
3.166982066904813,2.1699754700672226e-7
3.166982066904813,2.1699754700672226e-7
3.174153038324581,2.189390290645261e-7
3.174153038324581,2.189390290645261e-7
3.1784634126676417,2.2011433196206163e-7
3.1784634126676417,2.2011433196206163e-7
3.1928121874334625,2.2413085464039856e-7
3.1928121874334625,2.2413085464039856e-7
3.193680396205969,2.243539662155415e-7
3.193680396205969,2.243539662155415e-7
3.196186463355953,2.2506372968546512e-7
3.196186463355953,2.2506372968546512e-7
3.209943237172876,2.2898967341901989e-7
3.209943237172876,2.2898967341901989e-7
3.2132351085563173,2.2994640329580187e-7
3.2132351085563173,2.2994640329580187e-7
3.2186051536947122,2.3149865376256623e-7
3.2186051536947122,2.3149865376256623e-7
3.2328939958734013,2.356856864385921e-7
3.2328939958734013,2.356856864385921e-7
3.2417348410577103,2.3831695676027184e-7
3.2417348410577103,2.3831695676027184e-7
3.252579244540999,2.416140029152391e-7
3.252579244540999,2.416140029152391e-7
3.2698264127326535,2.4696881339502157e-7
3.2698264127326535,2.4696881339502157e-7
3.2722820014382905,2.4774229562221053e-7
3.2722820014382905,2.4774229562221053e-7
3.273841312216788,2.482357723931468e-7
3.273841312216788,2.482357723931468e-7
3.280835834803149,2.5045278814911435e-7
3.280835834803149,2.5045278814911435e-7
3.292048661940206,2.5405411055390826e-7
3.292048661940206,2.5405411055390826e-7
3.306265769127579,2.5871446130430654e-7
3.306265769127579,2.5871446130430654e-7
3.311823163744916,2.605843429909075e-7
3.311823163744916,2.605843429909075e-7
3.320296607631881,2.6347278395969606e-7
3.320296607631881,2.6347278395969606e-7
3.332173414172691,2.670419299778937e-7
3.332173414172691,2.670419299778937e-7
3.339011361153271,2.69116465441546e-7
3.339011361153271,2.69116465441546e-7
3.3529956017445466,2.734737650853216e-7
3.3529956017445466,2.734737650853216e-7
3.365321346263786,2.7740173076260744e-7
3.365321346263786,2.7740173076260744e-7
3.3720812688486594,2.7960973252303695e-7
3.3720812688486594,2.7960973252303695e-7
3.3737774289130678,2.801534122205326e-7
3.3737774289130678,2.801534122205326e-7
3.3764979342959145,2.8107965104257837e-7
3.3764979342959145,2.8107965104257837e-7
3.394581879883682,2.8705513981426953e-7
3.394581879883682,2.8705513981426953e-7
3.4054787042690813,2.9070491033126776e-7
3.4054787042690813,2.9070491033126776e-7
3.415531057990028,2.9411760499204317e-7
3.415531057990028,2.9411760499204317e-7
3.4318664947353614,2.9986311695216087e-7
3.4318664947353614,2.9986311695216087e-7
3.436378001820831,3.0148711826255074e-7
3.436378001820831,3.0148711826255074e-7
3.439206911282396,3.025077767887486e-7
3.439206911282396,3.025077767887486e-7
3.4513761916130283,3.068963827082546e-7
3.4513761916130283,3.068963827082546e-7
3.457543522541836,3.08929049372192e-7
3.457543522541836,3.08929049372192e-7
3.4599902292676634,3.0972044433082785e-7
3.4599902292676634,3.0972044433082785e-7
3.473269165884061,3.1407477183625414e-7
3.473269165884061,3.1407477183625414e-7
3.479525849910969,3.1614499722625033e-7
3.479525849910969,3.1614499722625033e-7
3.4904937807564758,3.1990180923714243e-7
3.4904937807564758,3.1990180923714243e-7
3.5013614874902164,3.2370326417013996e-7
3.5013614874902164,3.2370326417013996e-7
3.5076687765153203,3.2588841921366e-7
3.5076687765153203,3.2588841921366e-7
3.5203852230230233,3.304178636780135e-7
3.5203852230230233,3.304178636780135e-7
3.5233087214467798,3.3145793485288346e-7
3.5233087214467798,3.3145793485288346e-7
3.5314139719982585,3.343865279002183e-7
3.5314139719982585,3.343865279002183e-7
3.542409084384561,3.383921713274603e-7
3.542409084384561,3.383921713274603e-7
3.5452826294532818,3.394680658385237e-7
3.5452826294532818,3.394680658385237e-7
3.5497809475706927,3.4127960982118246e-7
3.5497809475706927,3.4127960982118246e-7
3.5670760073731245,3.4787499037950237e-7
3.5670760073731245,3.4787499037950237e-7
3.5774934637918356,3.5195326775559126e-7
3.5774934637918356,3.5195326775559126e-7
3.588701122861266,3.56687218154145e-7
3.588701122861266,3.56687218154145e-7
3.60375711153322,3.6408600613245704e-7
3.60375711153322,3.6408600613245704e-7
3.609067668139465,3.666479778784355e-7
3.609067668139465,3.666479778784355e-7
3.612925322456608,3.686103866789778e-7
3.612925322456608,3.686103866789778e-7
3.629244153375968,3.7709528265588143e-7
3.629244153375968,3.7709528265588143e-7
3.643014880275033,3.844556705167665e-7
3.643014880275033,3.844556705167665e-7
3.6487081018487415,3.8755861941081355e-7
3.6487081018487415,3.8755861941081355e-7
3.6493753782017557,3.8795054237381706e-7
3.6493753782017557,3.8795054237381706e-7
3.6501130361476273,3.884164656978459e-7
3.6501130361476273,3.884164656978459e-7
3.6692827656769653,3.993578831093748e-7
3.6692827656769653,3.993578831093748e-7
3.6848452775227636,4.086408846480238e-7
3.6848452775227636,4.086408846480238e-7
3.6891123398033923,4.1123701167923305e-7
3.6891123398033923,4.1123701167923305e-7
3.694219782429395,4.143728357697976e-7
3.694219782429395,4.143728357697976e-7
3.7087010443522495,4.237303978748677e-7
3.7087010443522495,4.237303978748677e-7
3.721340359455452,4.3254719118920346e-7
3.721340359455452,4.3254719118920346e-7
3.727111147080132,4.3759047028718223e-7
3.727111147080132,4.3759047028718223e-7
3.731956903555314,4.420637696587123e-7
3.731956903555314,4.420637696587123e-7
3.7397232216327003,4.488666946530305e-7
3.7397232216327003,4.488666946530305e-7
3.744125901920295,4.530830257876819e-7
3.744125901920295,4.530830257876819e-7
3.7475057016589073,4.5659562453991305e-7
3.7475057016589073,4.5659562453991305e-7
3.7581968923867475,4.668550674504487e-7
3.7581968923867475,4.668550674504487e-7
3.760811109714706,4.69457600685525e-7
3.760811109714706,4.69457600685525e-7
3.7629019820252374,4.7160518155547083e-7
3.7629019820252374,4.7160518155547083e-7
3.776761820298318,4.863394627642112e-7
3.776761820298318,4.863394627642112e-7
3.777161680863205,4.867697747409508e-7
3.777161680863205,4.867697747409508e-7
3.779679957236403,4.89583830094026e-7
3.779679957236403,4.89583830094026e-7
3.791475417518772,5.031207317479953e-7
3.791475417518772,5.031207317479953e-7
3.7931634855577303,5.050871701161569e-7
3.7931634855577303,5.050871701161569e-7
3.7954184561640565,5.077504505394389e-7
3.7954184561640565,5.077504505394389e-7
3.8087015258825896,5.245741443211582e-7
3.8087015258825896,5.245741443211582e-7
3.817766436098356,5.367423442629525e-7
3.817766436098356,5.367423442629525e-7
3.823907564700981,5.451830603350404e-7
3.823907564700981,5.451830603350404e-7
3.8330086660899565,5.587286336197642e-7
3.8330086660899565,5.587286336197642e-7
3.838435389570638,5.67317955988103e-7
3.838435389570638,5.67317955988103e-7
3.8415767959304308,5.72610759099449e-7
3.8415767959304308,5.72610759099449e-7
3.852647596935233,5.907246012320697e-7
3.852647596935233,5.907246012320697e-7
3.8542794356231087,5.937925497376609e-7
3.8542794356231087,5.937925497376609e-7
3.8629322913512545,6.108761213663723e-7
3.8629322913512545,6.108761213663723e-7
3.8658704998076927,6.161859219380172e-7
3.8658704998076927,6.161859219380172e-7
3.870971173273351,6.26469301315918e-7
3.870971173273351,6.26469301315918e-7
3.878513485799983,6.434251393222895e-7
3.878513485799983,6.434251393222895e-7
3.881865151150994,6.51698609789503e-7
3.881865151150994,6.51698609789503e-7
3.8904301618162522,6.727391472874158e-7
3.8904301618162522,6.727391472874158e-7
3.8910292963446844,6.741856389215366e-7
3.8910292963446844,6.741856389215366e-7
3.8980385258872134,6.952491072193204e-7
3.8980385258872134,6.952491072193204e-7
3.9012287119326037,7.047563667342845e-7
3.9012287119326037,7.047563667342845e-7
3.9093096649840975,7.320046600460276e-7
3.9093096649840975,7.320046600460276e-7
3.911153711477359,7.394175602675764e-7
3.911153711477359,7.394175602675764e-7
3.9117372133850883,7.417099159462528e-7
3.9117372133850883,7.417099159462528e-7
3.9127915020213493,7.460567107646009e-7
3.9127915020213493,7.460567107646009e-7
3.9200945928917967,7.770955183397703e-7
3.9200945928917967,7.770955183397703e-7
3.9226137811852726,7.912755208176824e-7
3.9226137811852726,7.912755208176824e-7
3.9265987214656675,8.14529409969733e-7
3.9265987214656675,8.14529409969733e-7
3.927345167131821,8.190312850798721e-7
3.927345167131821,8.190312850798721e-7
3.9307390309836103,8.441534033511093e-7
3.9307390309836103,8.441534033511093e-7
3.9331231050046584,8.653731367506615e-7
3.9331231050046584,8.653731367506615e-7
3.9347890301341777,8.809274360229136e-7
3.9347890301341777,8.809274360229136e-7
3.9361904678742903,9.005649102513444e-7
3.9361904678742903,9.005649102513444e-7
3.9372134536662995,9.169255050847981e-7
3.9372134536662995,9.169255050847981e-7
3.9387294768911447,9.459910819050476e-7
3.9387294768911447,9.459910819050476e-7
3.9392223101158055,9.607461799673454e-7
3.9392223101158055,9.607461799673454e-7
3.9393076144337784,9.74791881765607e-7
3.9393076144337784,9.74791881765607e-7
3.9394687498522982,1.0104519676327057e-6
3.9394687498522982,1.0104519676327057e-6
3.9392223101158055,1.024949131167269e-6
3.9392223101158055,1.024949131167269e-6
3.9388621566935313,1.0407056504666461e-6
3.9388621566935313,1.0407056504666461e-6
3.9376397762097883,1.0746958474542908e-6
3.9376397762097883,1.0746958474542908e-6
3.9367966495872877,1.0934425172694892e-6
3.9367966495872877,1.0934425172694892e-6
3.9353760581762773,1.1167233480172653e-6
3.9353760581762773,1.1167233480172653e-6
3.9337761393071053,1.1391497669509617e-6
3.9337761393071053,1.1391497669509617e-6
3.931798440976258,1.1665130514438357e-6
3.931798440976258,1.1665130514438357e-6
3.928621067284881,1.2009840222867144e-6
3.928621067284881,1.2009840222867144e-6
3.928280786719824,1.204174726997563e-6
3.928280786719824,1.204174726997563e-6
3.9281106574900773,1.2058875186419176e-6
3.9281106574900773,1.2058875186419176e-6
3.924086415681582,1.2444666067923154e-6
3.924086415681582,1.2444666067923154e-6
3.921481361494388,1.2701201829767108e-6
3.921481361494388,1.2701201829767108e-6
3.916201057332198,1.3123698701220821e-6
3.916201057332198,1.3123698701220821e-6
3.9142792852543202,1.327629496733275e-6
3.9142792852543202,1.327629496733275e-6
3.913318752891366,1.3365916438965133e-6
3.913318752891366,1.3365916438965133e-6
3.9093096649840975,1.3661709257800905e-6
3.9093096649840975,1.3661709257800905e-6
3.903914243084318,1.4035684159041015e-6
3.903914243084318,1.4035684159041015e-6
3.902129942920464,1.4163498409486878e-6
3.902129942920464,1.4163498409486878e-6
3.8986763543288876,1.4418985326064956e-6
3.8986763543288876,1.4418985326064956e-6
3.893848338588547,1.4722031397677548e-6
3.893848338588547,1.4722031397677548e-6
3.887735197873837,1.5109990226124043e-6
3.887735197873837,1.5109990226124043e-6
3.8830702172492098,1.5422687085493157e-6
3.8830702172492098,1.5422687085493157e-6
3.871530049773947,1.610446495677284e-6
3.871530049773947,1.610446495677284e-6
3.871269230699806,1.6119732429993298e-6
3.871269230699806,1.6119732429993298e-6
3.871157456475544,1.6124824803496611e-6
3.871157456475544,1.6124824803496611e-6
3.870971173273351,1.613909200936208e-6
3.870971173273351,1.613909200936208e-6
3.8590119634593063,1.6851208690116996e-6
3.8590119634593063,1.6851208690116996e-6
3.852832998349801,1.7196951799831296e-6
3.852832998349801,1.7196951799831296e-6
3.8488386347673806,1.742717773522467e-6
3.8488386347673806,1.742717773522467e-6
3.8519431529218036,1.755866012887918e-6
3.8519431529218036,1.755866012887918e-6
3.854696778048568,1.7679143991136785e-6
3.854696778048568,1.7679143991136785e-6
3.8648102556099664,1.8155348659783675e-6
3.8648102556099664,1.8155348659783675e-6
3.8686620061671837,1.8346157573649243e-6
3.8686620061671837,1.8346157573649243e-6
3.8695743349577114,1.838967014270056e-6
3.8695743349577114,1.838967014270056e-6
3.870971173273351,1.8458921961629137e-6
3.870971173273351,1.8458921961629137e-6
3.88421958215929,1.913811978233786e-6
3.88421958215929,1.913811978233786e-6
3.8915910687629025,1.957216032439365e-6
3.8915910687629025,1.957216032439365e-6
3.8982073526718315,1.9940951001149666e-6
3.8982073526718315,1.9940951001149666e-6
3.9093096649840975,2.0629670271651468e-6
3.9093096649840975,2.0629670271651468e-6
3.9117560374765636,2.0794530623624017e-6
3.9117560374765636,2.0794530623624017e-6
3.9129986278192024,2.088009209699448e-6
3.9129986278192024,2.088009209699448e-6
3.9169266773401348,2.1148578381971063e-6
3.9169266773401348,2.1148578381971063e-6
3.9247757229797564,2.170554846244926e-6
3.9247757229797564,2.170554846244926e-6
3.9319498085678153,2.227542789109445e-6
3.9319498085678153,2.227542789109445e-6
3.936986100516639,2.268870448342736e-6
3.936986100516639,2.268870448342736e-6
3.948027865011145,2.3676349448389113e-6
3.948027865011145,2.3676349448389113e-6
3.94864537052481,2.373962631698796e-6
3.94864537052481,2.373962631698796e-6
3.9487878855125977,2.3764008579386093e-6
3.9487878855125977,2.3764008579386093e-6
3.949434017973011,2.3819618580211675e-6
3.949434017973011,2.3819618580211675e-6
3.959453074598772,2.487573529778029e-6
3.959453074598772,2.487573529778029e-6
3.9634086845027787,2.535206535749246e-6
3.9634086845027787,2.535206535749246e-6
3.969230128908222,2.6111949792326314e-6
3.969230128908222,2.6111949792326314e-6
3.9708253589487468,2.6328520460888382e-6
3.9708253589487468,2.6328520460888382e-6
3.975787083501955,2.7046245827738755e-6
3.975787083501955,2.7046245827738755e-6
3.978121905346535,2.745075307254089e-6
3.978121905346535,2.745075307254089e-6
3.9853743238102988,2.8770371908839472e-6
3.9853743238102988,2.8770371908839472e-6
3.9855948815405995,2.8853641826001764e-6
3.9855948815405995,2.8853641826001764e-6
3.985997670631325,2.8907462757664106e-6
3.985997670631325,2.8907462757664106e-6
3.9871295340242274,2.9133872955576807e-6
3.9871295340242274,2.9133872955576807e-6
3.993985126157923,3.0436667391045394e-6
3.993985126157923,3.0436667391045394e-6
3.995426874260785,3.0781819108119957e-6
3.995426874260785,3.0781819108119957e-6
3.9976962782416146,3.132124104442495e-6
3.9976962782416146,3.132124104442495e-6
4.000313461502233,3.213495182784001e-6
4.000313461502233,3.213495182784001e-6
4.002200435071174,3.2838849020131405e-6
4.002200435071174,3.2838849020131405e-6
4.004242449366519,3.377509592940532e-6
4.004242449366519,3.377509592940532e-6
4.004627851902734,3.404070579131106e-6
4.004627851902734,3.404070579131106e-6
4.005899943476688,3.503334228491116e-6
4.005899943476688,3.503334228491116e-6
4.006478300494071,3.6164417817297117e-6
4.006478300494071,3.6164417817297117e-6
4.006459020581596,3.6206707150137144e-6
4.006459020581596,3.6206707150137144e-6
4.0062855055443105,3.737448504663916e-6
4.0062855055443105,3.737448504663916e-6
4.0054758680598495,3.851782965852135e-6
4.0054758680598495,3.851782965852135e-6
4.005215662190046,3.870503458371336e-6
4.005215662190046,3.870503458371336e-6
4.003433224766977,3.987207732398052e-6
4.003433224766977,3.987207732398052e-6
4.002065621731252,4.086273566372102e-6
4.002065621731252,4.086273566372102e-6
4.000063215527981,4.1641902522534014e-6
4.000063215527981,4.1641902522534014e-6
3.9977347538228685,4.253657403294291e-6
3.9977347538228685,4.253657403294291e-6
3.996311403910132,4.31836672796395e-6
3.996311403910132,4.31836672796395e-6
3.9901430075053783,4.5154651027066305e-6
3.9901430075053783,4.5154651027066305e-6
3.989279040293874,4.537912875113277e-6
3.989279040293874,4.537912875113277e-6
3.9889335057913713,4.551406316442105e-6
3.9889335057913713,4.551406316442105e-6
3.9871295340242274,4.609129711972094e-6
3.9871295340242274,4.609129711972094e-6
3.981463849469427,4.796188549355902e-6
3.981463849469427,4.796188549355902e-6
3.979921801623359,4.841164040660774e-6
3.979921801623359,4.841164040660774e-6
3.9777103413374286,4.9169070600426296e-6
3.9777103413374286,4.9169070600426296e-6
3.973453632000762,5.049508149890251e-6
3.973453632000762,5.049508149890251e-6
3.9690582262105347,5.164680308676468e-6
3.9690582262105347,5.164680308676468e-6
3.9642861257885915,5.3058903980468405e-6
3.9642861257885915,5.3058903980468405e-6
3.9613112427460777,5.389670365764109e-6
3.9613112427460777,5.389670365764109e-6
3.9562438334615964,5.509815917576252e-6
3.9562438334615964,5.509815917576252e-6
3.954197754005116,5.5665799452875175e-6
3.954197754005116,5.5665799452875175e-6
3.948027865011145,5.7288124963975106e-6
3.948027865011145,5.7288124963975106e-6
3.9435656978242624,5.834546408340303e-6
3.9435656978242624,5.834546408340303e-6
3.9416494652170724,5.878015604291369e-6
3.9416494652170724,5.878015604291369e-6
3.9372134536662995,5.984801723350459e-6
3.9372134536662995,5.984801723350459e-6
3.932214715875349,6.10778725420422e-6
3.932214715875349,6.10778725420422e-6
3.928621067284881,6.1945364084235415e-6
3.928621067284881,6.1945364084235415e-6
3.9251440326660774,6.270820651934166e-6
3.9251440326660774,6.270820651934166e-6
3.9200945928917967,6.385247064497892e-6
3.9200945928917967,6.385247064497892e-6
3.9093096649840975,6.638095491215959e-6
3.9093096649840975,6.638095491215959e-6
3.9076921363797967,6.671727683680453e-6
3.9076921363797967,6.671727683680453e-6
3.9069212246331104,6.689875341605987e-6
3.9069212246331104,6.689875341605987e-6
3.904289989175989,6.746532619439115e-6
3.904289989175989,6.746532619439115e-6
3.894682267158006,6.963469215107832e-6
3.894682267158006,6.963469215107832e-6
3.8867998832123165,7.136933835354371e-6
3.8867998832123165,7.136933835354371e-6
3.881230073043678,7.262001774166718e-6
3.881230073043678,7.262001774166718e-6
3.870971173273351,7.494093038527969e-6
3.870971173273351,7.494093038527969e-6
3.867656831742945,7.571180202509478e-6
3.867656831742945,7.571180202509478e-6
3.8656844710180955,7.61386751909166e-6
3.8656844710180955,7.61386751909166e-6
3.8576194406194864,7.788513066093607e-6
3.8576194406194864,7.788513066093607e-6
3.8533614413316144,7.883181666373041e-6
3.8533614413316144,7.883181666373041e-6
3.8519431529218036,7.914492898345676e-6
3.8519431529218036,7.914492898345676e-6
3.842612174980795,8.122672836212506e-6
3.842612174980795,8.122672836212506e-6
3.838804833417494,8.203634212763314e-6
3.838804833417494,8.203634212763314e-6
3.8330086660899565,8.325802882367602e-6
3.8330086660899565,8.325802882367602e-6
3.8237419557529653,8.528892755513159e-6
3.8237419557529653,8.528892755513159e-6
3.817766436098356,8.66547964470174e-6
3.817766436098356,8.66547964470174e-6
3.8085549029588477,8.86424688471324e-6
3.8085549029588477,8.86424688471324e-6
3.7954184561640565,9.156506728156316e-6
3.7954184561640565,9.156506728156316e-6
3.7931726122917935,9.208714039061958e-6
3.7931726122917935,9.208714039061958e-6
3.791621382911203,9.244560132715382e-6
3.791621382911203,9.244560132715382e-6
3.7817176251115017,9.466621828430817e-6
3.7817176251115017,9.466621828430817e-6
3.777452515136959,9.559921875325456e-6
3.777452515136959,9.559921875325456e-6
3.7642784281742436,9.862338329955445e-6
3.7642784281742436,9.862338329955445e-6
3.7618247208546696,9.924994525385773e-6
3.7618247208546696,9.924994525385773e-6
3.7581968923867475,0.000010012054208331509
3.7581968923867475,0.000010012054208331509
3.7457388125879554,0.000010294574435771385
3.7457388125879554,0.000010294574435771385
3.736287511108368,0.000010521400254653172
3.736287511108368,0.000010521400254653172
3.7298832260077686,0.000010680952380802544
3.7298832260077686,0.000010680952380802544
3.721340359455452,0.000010881693876605097
3.721340359455452,0.000010881693876605097
3.7130046655273476,0.000011060500657583863
3.7130046655273476,0.000011060500657583863
3.705365157211657,0.000011224504738635947
3.705365157211657,0.000011224504738635947
3.6955888889121136,0.000011441061912726325
3.6955888889121136,0.000011441061912726325
3.6848452775227636,0.000011670272280075268
3.6848452775227636,0.000011670272280075268
3.6777680695831942,0.00001182444189806046
3.6777680695831942,0.00001182444189806046
3.6709694261125714,0.000011974594975791478
3.6709694261125714,0.000011974594975791478
3.660209317779511,0.000012224529234587119
3.660209317779511,0.000012224529234587119
3.6487081018487415,0.000012486383033027742
3.6487081018487415,0.000012486383033027742
3.642401350386357,0.000012630571478275497
3.642401350386357,0.000012630571478275497
3.636088002463632,0.000012774810842271161
3.636088002463632,0.000012774810842271161
3.6248021246101083,0.000013052986281756482
3.6248021246101083,0.000013052986281756482
3.612925322456608,0.000013341011033671755
3.612925322456608,0.000013341011033671755
3.607027558898107,0.000013483138580042437
3.607027558898107,0.000013483138580042437
3.600983461767161,0.000013628502040005062
3.600983461767161,0.000013628502040005062
3.5893919706769917,0.00001392878605413727
3.5893919706769917,0.00001392878605413727
3.5774934637918356,0.00001421097723822222
3.5774934637918356,0.00001421097723822222
3.5706997607319675,0.00001435897094481195
3.5706997607319675,0.00001435897094481195
3.562718641812986,0.000014539242118547187
3.562718641812986,0.000014539242118547187
3.5517972244960414,0.000014794028429533109
3.5517972244960414,0.000014794028429533109
3.542409084384561,0.000015023354673907699
3.542409084384561,0.000015023354673907699
3.5331137665727423,0.000015245638032451109
3.5331137665727423,0.000015245638032451109
3.5220119139710504,0.000015510843433946344
3.5220119139710504,0.000015510843433946344
3.5142579977325825,0.00001570309572782761
3.5142579977325825,0.00001570309572782761
3.5076687765153203,0.000015872142162509808
3.5076687765153203,0.000015872142162509808
3.495822474143454,0.000016183989441818924
3.495822474143454,0.000016183989441818924
3.48156923724347,0.000016547373107260466
3.48156923724347,0.000016547373107260466
3.477090427284615,0.000016667233935259925
3.477090427284615,0.000016667233935259925
3.473269165884061,0.000016768884333434578
3.473269165884061,0.000016768884333434578
3.4586917611839456,0.0000171724998830764
3.4586917611839456,0.0000171724998830764
3.4409285563870906,0.00001765317004951683
3.4409285563870906,0.00001765317004951683
3.4399683018869553,0.000017678837924219325
3.4399683018869553,0.000017678837924219325
3.439206911282396,0.000017700629050287835
3.439206911282396,0.000017700629050287835
3.4323784921648874,0.000017884964135638317
3.4323784921648874,0.000017884964135638317
3.421214490151606,0.000018195507186624484
3.421214490151606,0.000018195507186624484
3.4054787042690813,0.000018655839102961644
3.4054787042690813,0.000018655839102961644
3.402693912234974,0.000018732009008095345
3.402693912234974,0.000018732009008095345
3.398929876736039,0.00001883286312438454
3.398929876736039,0.00001883286312438454
3.3840130319896535,0.000019274586443505033
3.3840130319896535,0.000019274586443505033
3.3720812688486594,0.00001964335334098033
3.3720812688486594,0.00001964335334098033
3.3657424318399403,0.000019844785708969666
3.3657424318399403,0.000019844785708969666
3.3578315998287755,0.00002009139052458803
3.3578315998287755,0.00002009139052458803
3.347280523937788,0.000020420239988663434
3.347280523937788,0.000020420239988663434
3.339011361153271,0.00002068706006948465
3.339011361153271,0.00002068706006948465
3.329080082051252,0.000021019019158669232
3.329080082051252,0.000021019019158669232
3.3170387117271805,0.00002143402044317133
3.3170387117271805,0.00002143402044317133
3.310994536030811,0.000021636039610746033
3.310994536030811,0.000021636039610746033
3.306265769127579,0.000021797923371269187
3.306265769127579,0.000021797923371269187
3.2963525713773802,0.000022138615788863894
3.2963525713773802,0.000022138615788863894
3.2929359325580854,0.000022268007581013905
3.2929359325580854,0.000022268007581013905
3.290013596345474,0.000022373407961463606
3.290013596345474,0.000022373407961463606
3.276615255171097,0.000022866373126143092
3.276615255171097,0.000022866373126143092
3.2751807072454646,0.00002292784736656448
3.2751807072454646,0.00002292784736656448
3.273841312216788,0.000022977145730630048
3.273841312216788,0.000022977145730630048
3.2626747992495138,0.000023384968113498193
3.2626747992495138,0.000023384968113498193
3.2571920407605286,0.000023591585749789613
3.2571920407605286,0.000023591585749789613
3.2417348410577103,0.000024198750573467176
3.2417348410577103,0.000024198750573467176
3.239559390380379,0.000024287193110240143
3.239559390380379,0.000024287193110240143
3.236871335622704,0.000024394444398814623
3.236871335622704,0.000024394444398814623
3.2218593950823826,0.00002499501969969049
3.2218593950823826,0.00002499501969969049
3.209943237172876,0.000025486108351103825
3.209943237172876,0.000025486108351103825
3.204294656331738,0.00002572550653640448
3.204294656331738,0.00002572550653640448
3.1973633016520044,0.000026024630764311937
3.1973633016520044,0.000026024630764311937
3.1869867041454167,0.000026486124796861877
3.1869867041454167,0.000026486124796861877
3.1784634126676417,0.000026844496330051568
3.1784634126676417,0.000026844496330051568
3.169268912928392,0.000027240823131017326
3.169268912928392,0.000027240823131017326
3.157608042258185,0.000027763756179324244
3.157608042258185,0.000027763756179324244
3.1518695421490373,0.00002802986054534324
3.1518695421490373,0.00002802986054534324
3.1472923099302577,0.000028243151855487797
3.1472923099302577,0.000028243151855487797
3.134362065042486,0.000028829456834111665
3.134362065042486,0.000028829456834111665
3.1178969399328533,0.000029619100619172366
3.1178969399328533,0.000029619100619172366
3.117056832988461,0.000029658419675871654
3.117056832988461,0.000029658419675871654
3.116426901334891,0.000029692163265322746
3.116426901334891,0.000029692163265322746
3.1105836120050885,0.000029986220567290364
3.1105836120050885,0.000029986220567290364
3.0999217316919943,0.00003051603754197602
3.0999217316919943,0.00003051603754197602
3.0858641889475473,0.0000312155160261718
3.0858641889475473,0.0000312155160261718
3.0826137994477927,0.00003138060829811072
3.0826137994477927,0.00003138060829811072
3.078329712149797,0.000031598430551770165
3.078329712149797,0.000031598430551770165
3.0654688850073866,0.000032274260832534644
3.0654688850073866,0.000032274260832534644
3.0556012042348906,0.00003278801345708693
3.0556012042348906,0.00003278801345708693
3.04816995448398,0.000033175543920545526
3.04816995448398,0.000033175543920545526
3.0380070706964326,0.00003371003144804278
3.0380070706964326,0.00003371003144804278
3.0309686445884396,0.00003410199601890021
3.0309686445884396,0.00003410199601890021
3.025635007775911,0.000034404933870663564
3.025635007775911,0.000034404933870663564
3.013907914664759,0.00003505764181972388
3.013907914664759,0.00003505764181972388
2.997924064442006,0.000035962742464890335
2.997924064442006,0.000035962742464890335
2.996777369244459,0.00003602697908203184
2.996777369244459,0.00003602697908203184
2.995962688976416,0.000036073095388096434
2.995962688976416,0.000036073095388096434
2.991223196244822,0.00003633840772176374
2.991223196244822,0.00003633840772176374
2.979600803280901,0.00003701142608500792
2.979600803280901,0.00003701142608500792
2.9773361934659968,0.00003714493695921232
2.9773361934659968,0.00003714493695921232
2.9665813657863294,0.00003775649097889084
2.9665813657863294,0.00003775649097889084
2.9623159796142198,0.00003800536307328005
2.9623159796142198,0.00003800536307328005
2.9562067876350007,0.00003836599344588019
2.9562067876350007,0.00003836599344588019
2.945273155041231,0.0000390383207830057
2.945273155041231,0.0000390383207830057
2.9374881844197636,0.00003953342587244655
2.9374881844197636,0.00003953342587244655
2.9284058867306646,0.000040106320292957716
2.9284058867306646,0.000040106320292957716
2.9151822481913134,0.00004092984439455236
2.9151822481913134,0.00004092984439455236
2.908680319077828,0.00004135870211690208
2.908680319077828,0.00004135870211690208
2.894452146956462,0.00004228199828005697
2.894452146956462,0.00004228199828005697
2.8939646845216753,0.000042315399384341785
2.8939646845216753,0.000042315399384341785
2.880154971674165,0.00004321771499760332
2.880154971674165,0.00004321771499760332
2.8774466412189557,0.00004339622457627961
2.8774466412189557,0.00004339622457627961
2.8732886737027408,0.00004366502758557302
2.8732886737027408,0.00004366502758557302
2.860568577449968,0.00004454262700855413
2.860568577449968,0.00004454262700855413
2.851909371563168,0.00004516028777534465
2.851909371563168,0.00004516028777534465
2.843987951888009,0.00004574025813517083
2.843987951888009,0.00004574025813517083
2.831997144449768,0.000046582992490013475
2.831997144449768,0.000046582992490013475
2.8272653283588496,0.000046944134603009534
2.8272653283588496,0.000046944134603009534
2.8239407752708825,0.000047194648195064724
2.8239407752708825,0.000047194648195064724
2.8107154241453083,0.000048188067545054924
2.8107154241453083,0.000048188067545054924
2.806701156550643,0.00004849344419007804
2.806701156550643,0.00004849344419007804
2.796246466228521,0.000049286391013886656
2.796246466228521,0.000049286391013886656
2.7941077668494056,0.00004944699810713066
2.7941077668494056,0.00004944699810713066
2.790761769135975,0.00004969595370281206
2.790761769135975,0.00004969595370281206
2.7775314081864217,0.000050730806147890986
2.7775314081864217,0.000050730806147890986
2.768823754508615,0.00005142859096367318
2.768823754508615,0.00005142859096367318
2.761079964224098,0.000052051234173243615
2.761079964224098,0.000052051234173243615
2.7490682745125627,0.00005301694207304286
2.7490682745125627,0.00005301694207304286
2.741669976563737,0.00005363170438848292
2.741669976563737,0.00005363170438848292
2.728252191887574,0.00005476753905317603
2.728252191887574,0.00005476753905317603
2.727923989522831,0.0000547952241971211
2.727923989522831,0.0000547952241971211
2.7147824949677974,0.000055846227960550644
2.7147824949677974,0.000055846227960550644
2.7115184424013314,0.00005611499389298742
2.7115184424013314,0.00005611499389298742
2.7058092803387686,0.00005655985925102284
2.7058092803387686,0.00005655985925102284
2.701437798184486,0.000056912896281707245
2.701437798184486,0.000056912896281707245
2.697736705620472,0.00005721058969605998
2.697736705620472,0.00005721058969605998
2.6977360962659858,0.00013934214665369503
2.6977360962659858,0.00013934214665369503
2.6977354869116366,0.0003393818161499745
2.6977354869116366,0.0003393818161499745
2.697734877557425,0.0008265985554213571
2.697734877557425,0.0008265985554213571
4.2149343819129195,0.0008265985554213571
4.2149343819129195,0.0008265985554213571
5.368895981847134,0.0008077376290433794
5.368895981847134,0.0008077376290433794
6.763998717385968,0.0007893018066970104
6.763998717385968,0.0007893018066970104
9.003435612782434,0.0007712908724006106
9.003435612782434,0.0007712908724006106
11.595227645796207,0.000719689575007916
11.595227645796207,0.000719689575007916
13.231363736066452,0.0006715351684621838
13.231363736066452,0.0006715351684621838
15.77749003109924,0.0005983307800104448
15.77749003109924,0.0005983307800104448
18.607763437212625,0.0005209443550580351
18.607763437212625,0.0005209443550580351
21.00110089914021,0.00044321701331915186
21.00110089914021,0.00044321701331915186
22.433866264109973,0.0003858910262605698
22.433866264109973,0.0003858910262605698
23.442952261525605,0.0003208221038469493
23.442952261525605,0.0003208221038469493
26.168747967562897,0.00021669043445401463
26.168747967562897,0.00021669043445401463
27.64828294409314,0.0001274279250327883
27.64828294409314,0.0001274279250327883
28.89192918282593,0.0000784760217861597
28.89192918282593,0.0000784760217861597
29.211495106923234,0.00005550870433828255
29.211495106923234,0.00005550870433828255
29.534582075129972,0.000034983245523332236
29.534582075129972,0.000034983245523332236
29.534582075129972,0.000026519108758712876
29.534582075129972,0.000026519108758712876
30.525456125440925,0.000016331804924335365
30.525456125440925,0.000016331804924335365
31.204415391248986,0.000032642561148530024
31.204415391248986,0.000032642561148530024
31.204415391248986,0.00004945800170385307
31.204415391248986,0.00004945800170385307
31.89849101455379,0.0000784760217861597
31.89849101455379,0.0000784760217861597
31.89849101455379,0.00011618899393941346
31.89849101455379,0.00011618899393941346
33.333315681666654,0.0001760400757281438
33.333315681666654,0.0001760400757281438
34.451651658502186,0.00024320136070240102
34.451651658502186,0.00024320136070240102
35.21798753101281,0.00032831602360092183
35.21798753101281,0.00032831602360092183
36.00131993590895,0.00039490485775752425
36.00131993590895,0.00039490485775752425
39.74766504640033,0.0006562115296534649
39.74766504640033,0.0006562115296534649
43.884001140961615,0.0010412242412414841
43.884001140961615,0.0010412242412414841
48.98630260151508,0.0014384496866515736
48.98630260151508,0.0014384496866515736
52.90732065108608,0.001987221320732857
52.90732065108608,0.001987221320732857
59.058989253245116,0.0025032018242570307
59.058989253245116,0.0025032018242570307
84.90429614266239,0.006302290668499566
84.90429614266239,0.006302290668499566
116.80583701927056,0.012309022538528292
116.80583701927056,0.012309022538528292
153.7767399404589,0.020931671045919455
153.7767399404589,0.020931671045919455
153.7767399404589,0.022500042879110175
153.7767399404589,0.022500042879110175
57.9281404432874,0.022500042879110175
57.9281404432874,0.022500042879110175
21.82169719891654,0.022500042879110175
21.82169719891654,0.022500042879110175
8.220296128915036,0.022500042879110175
8.220296128915036,0.022500042879110175
3.0966092064741226,0.022500042879110175
3.0966092064741226,0.022500042879110175
1.1665015988768166,0.022500042879110175
1.1665015988768166,0.022500042879110175
0.43942450902015057,0.022500042879110175
0.43942450902015057,0.022500042879110175
0.428508,0.022500055599802355
